time_step,request_id,vnf_chain,total_destinations,destinations_connected,destinations_failed,total_cpu_consumed,total_bw_consumed,total_mem_consumed,actual_cpu_used,actual_bw_used,actual_mem_used,num_used_nodes,num_used_links,avg_cpu_util_per_node,avg_bw_util_per_link,avg_mem_util_per_node,total_hops,avg_hops_per_dest,fully_deployed,partial_deployed,backup_used,backup_levels,failed_nodes,failure_reasons,deployment_time
2,REQ_1,VNF_6->VNF_3->VNF_5,5,5,0,115.0000,70.0000,155.0000,115.0000,70.0000,155.0000,4,10,0.3594,0.0875,0.6458,10,2.00,True,False,False,,,,0.3919
4,REQ_8,VNF_6->VNF_2->VNF_3,5,5,0,135.0000,77.0000,155.0000,135.0000,77.0000,155.0000,4,11,0.4219,0.0875,0.6458,11,2.20,True,False,False,,,,0.0289
7,REQ_22,VNF_8->VNF_1->VNF_2,5,5,0,135.0000,50.0000,65.0000,135.0000,50.0000,65.0000,3,10,0.5625,0.0625,0.3611,10,2.00,True,False,False,,,,0.0173
10,REQ_32,VNF_3->VNF_8->VNF_5,5,5,0,115.0000,91.0000,150.0000,115.0000,91.0000,150.0000,3,13,0.4792,0.0875,0.8333,13,2.60,True,False,False,,,,0.0173
11,REQ_38,VNF_1->VNF_8->VNF_5,5,5,0,125.0000,50.0000,65.0000,125.0000,50.0000,65.0000,4,10,0.3906,0.0625,0.2708,10,2.00,True,False,False,,,,0.0182
12,REQ_42,VNF_6->VNF_5->VNF_2,5,5,0,145.0000,77.0000,145.0000,145.0000,77.0000,145.0000,4,11,0.4531,0.0875,0.6042,11,2.20,True,False,False,,,,0.0167
13,REQ_48,VNF_6->VNF_1->VNF_5,5,5,0,185.0000,80.0000,110.0000,185.0000,80.0000,110.0000,4,10,0.5781,0.1000,0.4583,10,2.00,True,False,False,,,,0.4918
14,REQ_51,VNF_4->VNF_7->VNF_2,5,5,0,100.0000,40.0000,70.0000,100.0000,40.0000,70.0000,3,10,0.4167,0.0500,0.3889,10,2.00,True,False,False,,,,0.2614
15,REQ_55,VNF_3->VNF_6->VNF_8,5,5,0,110.0000,50.0000,85.0000,110.0000,50.0000,85.0000,4,10,0.3438,0.0625,0.3542,10,2.00,True,False,False,,,,0.2404
16,REQ_61,VNF_5->VNF_2->VNF_4,5,5,0,65.0000,44.0000,90.0000,65.0000,44.0000,90.0000,3,11,0.2708,0.0500,0.5000,11,2.20,True,False,False,,,,0.2414
17,REQ_66,VNF_6->VNF_1->VNF_2,5,5,0,105.0000,56.0000,55.0000,105.0000,56.0000,55.0000,4,14,0.3281,0.0500,0.2292,14,2.80,True,False,False,,,,0.2420
20,REQ_85,VNF_2->VNF_6->VNF_8,5,5,0,130.0000,70.0000,80.0000,130.0000,70.0000,80.0000,4,14,0.4062,0.0625,0.3333,14,2.80,True,False,False,,,,0.2499
25,REQ_111,VNF_6->VNF_8->VNF_4,5,5,0,185.0000,80.0000,95.0000,185.0000,80.0000,95.0000,4,10,0.5781,0.1000,0.3958,10,2.00,True,False,False,,,,0.2432
26,REQ_116,VNF_7->VNF_6->VNF_2,5,5,0,180.0000,60.0000,90.0000,180.0000,60.0000,90.0000,4,10,0.5625,0.0750,0.3750,10,2.00,True,False,False,,,,0.2371
28,REQ_123,VNF_8->VNF_6->VNF_5,5,5,0,120.0000,60.0000,80.0000,120.0000,60.0000,80.0000,4,12,0.3750,0.0625,0.3333,12,2.40,True,False,False,,,,0.2362
29,REQ_127,VNF_3->VNF_8->VNF_1,5,5,0,115.0000,55.0000,70.0000,115.0000,55.0000,70.0000,4,11,0.3594,0.0625,0.2917,11,2.20,True,False,False,,,,0.2378
30,REQ_131,VNF_2->VNF_5->VNF_3,5,5,0,100.0000,70.0000,190.0000,100.0000,70.0000,190.0000,4,10,0.3125,0.0875,0.7917,10,2.00,True,False,False,,,,0.2406
31,REQ_138,VNF_4->VNF_1->VNF_6,5,5,0,165.0000,70.0000,70.0000,165.0000,70.0000,70.0000,4,10,0.5156,0.0875,0.2917,10,2.00,True,False,False,,,,0.2373
33,REQ_146,VNF_7->VNF_1->VNF_4,5,5,0,195.0000,77.0000,70.0000,195.0000,77.0000,70.0000,3,11,0.8125,0.0875,0.3889,11,2.20,True,False,False,,,,0.2477
36,REQ_159,VNF_8->VNF_5->VNF_2,5,5,0,90.0000,40.0000,80.0000,90.0000,40.0000,80.0000,4,10,0.2812,0.0500,0.3333,10,2.00,True,False,False,,,,0.2366
37,REQ_165,VNF_6->VNF_5->VNF_8,5,5,0,185.0000,88.0000,125.0000,185.0000,88.0000,125.0000,4,11,0.5781,0.1000,0.5208,11,2.20,True,False,False,,,,0.2334
39,REQ_177,VNF_4->VNF_7->VNF_5,5,5,0,180.0000,80.0000,135.0000,180.0000,80.0000,135.0000,3,10,0.7500,0.1000,0.7500,10,2.00,True,False,False,,,,0.2321
40,REQ_179,VNF_8->VNF_7->VNF_4,5,5,0,220.0000,96.0000,90.0000,220.0000,96.0000,90.0000,5,12,0.5500,0.1000,0.3000,12,2.40,True,False,False,,,,0.2341
41,REQ_180,VNF_5->VNF_7->VNF_8,5,5,0,220.0000,96.0000,120.0000,220.0000,96.0000,120.0000,4,12,0.6875,0.1000,0.5000,12,2.40,True,False,False,,,,0.2369
42,REQ_185,VNF_6->VNF_7->VNF_3,5,5,0,180.0000,84.0000,120.0000,180.0000,84.0000,120.0000,5,12,0.4500,0.0875,0.4000,12,2.40,True,False,False,,,,0.2380
43,REQ_189,VNF_8->VNF_5->VNF_7,5,5,0,160.0000,72.0000,95.0000,160.0000,72.0000,95.0000,4,12,0.5000,0.0750,0.3958,12,2.40,True,False,False,,,,0.2378
45,REQ_196,VNF_3->VNF_1->VNF_7,5,5,0,135.0000,65.0000,70.0000,135.0000,65.0000,70.0000,3,13,0.5625,0.0625,0.3889,13,2.60,True,False,False,,,,0.2342
59,REQ_254,VNF_5->VNF_1->VNF_3,5,5,0,70.0000,44.0000,80.0000,70.0000,44.0000,80.0000,4,11,0.2188,0.0500,0.3333,11,2.20,True,False,False,,,,0.2519
60,REQ_258,VNF_5->VNF_8->VNF_7,5,5,0,190.0000,98.0000,105.0000,190.0000,98.0000,105.0000,4,14,0.5938,0.0875,0.4375,14,2.80,True,False,False,,,,0.2391
62,REQ_269,VNF_7->VNF_5->VNF_6,5,5,0,160.0000,84.0000,95.0000,160.0000,84.0000,95.0000,4,14,0.5000,0.0750,0.3958,14,2.80,True,False,False,,,,0.2449
66,REQ_290,VNF_5->VNF_6->VNF_2,5,5,0,85.0000,52.0000,85.0000,85.0000,52.0000,85.0000,3,13,0.3542,0.0500,0.4722,13,2.60,True,False,False,,,,0.2420
69,REQ_303,VNF_7->VNF_6->VNF_3,5,5,0,180.0000,91.0000,120.0000,180.0000,91.0000,120.0000,4,13,0.5625,0.0875,0.5000,13,2.60,True,False,False,,,,0.2378
75,REQ_330,VNF_2->VNF_7->VNF_5,5,5,0,105.0000,56.0000,85.0000,105.0000,48.0000,85.0000,6,12,0.2188,0.0500,0.2361,14,2.80,True,False,True,"resource_aware,resource_aware",,,0.6820
76,REQ_337,VNF_2->VNF_3->VNF_8,5,5,0,160.0000,96.0000,175.0000,160.0000,96.0000,175.0000,5,12,0.4000,0.1000,0.5833,12,2.40,True,False,True,"resource_aware,smart_greedy",,,0.4018
77,REQ_339,VNF_6->VNF_7->VNF_4,5,5,0,105.0000,52.0000,50.0000,105.0000,36.0000,50.0000,3,9,0.4375,0.0500,0.2778,13,2.60,True,False,True,"resource_aware,resource_aware,resource_aware",,,0.4028
78,REQ_346,VNF_6->VNF_4->VNF_3,5,5,0,135.0000,136.0000,150.0000,135.0000,104.0000,150.0000,4,13,0.4219,0.1000,0.6250,17,3.40,True,False,True,"smart_greedy,resource_aware,resource_aware",,,0.4004
79,REQ_349,VNF_8->VNF_1->VNF_6,5,5,0,200.0000,84.0000,55.0000,200.0000,84.0000,55.0000,8,12,0.3125,0.0875,0.1146,12,2.40,True,False,True,"smart_greedy,smart_greedy,smart_greedy,smart_greedy",,,0.4026
80,REQ_353,VNF_2->VNF_4->VNF_5,5,5,0,130.0000,112.0000,180.0000,130.0000,96.0000,180.0000,8,12,0.2031,0.1000,0.3750,14,2.80,True,False,True,"smart_greedy,smart_greedy,smart_greedy,smart_greedy",,,0.4194
81,REQ_357,VNF_3->VNF_8->VNF_2,5,5,0,135.0000,77.0000,150.0000,135.0000,77.0000,150.0000,3,11,0.5625,0.0875,0.8333,11,2.20,True,False,True,"smart_greedy,smart_greedy",,,0.4060
82,REQ_361,VNF_6->VNF_7->VNF_2,5,5,0,120.0000,64.0000,65.0000,120.0000,52.0000,65.0000,6,13,0.2500,0.0500,0.1806,16,3.20,True,False,True,"resource_aware,resource_aware,resource_aware",,,0.4180
83,REQ_366,VNF_2->VNF_6->VNF_8,5,5,0,180.0000,77.0000,105.0000,180.0000,77.0000,105.0000,7,11,0.3214,0.0875,0.2500,11,2.20,True,False,True,"smart_greedy,resource_aware,smart_greedy",,,0.4009
84,REQ_371,VNF_6->VNF_5->VNF_2,5,5,0,125.0000,72.0000,125.0000,125.0000,66.0000,125.0000,7,11,0.2232,0.0750,0.2976,12,2.40,True,False,True,"smart_greedy,resource_aware",,,0.4092
85,REQ_375,VNF_3->VNF_4->VNF_7,5,5,0,170.0000,64.0000,145.0000,170.0000,56.0000,145.0000,5,7,0.4250,0.1000,0.4833,8,1.60,True,False,True,"smart_greedy,smart_greedy,smart_greedy,smart_greedy,smart_greedy",,,0.4010
86,REQ_377,VNF_7->VNF_1->VNF_4,5,5,0,165.0000,84.0000,60.0000,165.0000,84.0000,60.0000,5,14,0.4125,0.0750,0.2000,14,2.80,True,False,True,"smart_greedy,smart_greedy,resource_aware",,,0.3982
87,REQ_379,VNF_4->VNF_1->VNF_8,5,5,0,120.0000,50.0000,45.0000,120.0000,50.0000,45.0000,4,10,0.3750,0.0625,0.1875,10,2.00,True,False,True,"smart_greedy,resource_aware",,,0.3978
88,REQ_382,VNF_7->VNF_3->VNF_2,5,5,0,145.0000,60.0000,130.0000,145.0000,42.0000,130.0000,4,7,0.4531,0.0750,0.5417,10,2.00,True,False,True,"smart_greedy,resource_aware,resource_aware",,,0.4010
89,REQ_388,VNF_6->VNF_3->VNF_2,5,5,0,120.0000,72.0000,130.0000,120.0000,60.0000,130.0000,4,10,0.3750,0.0750,0.5417,12,2.40,True,False,True,"smart_greedy,resource_aware,resource_aware",,,0.4050
90,REQ_396,VNF_4->VNF_7->VNF_6,5,5,0,190.0000,84.0000,85.0000,190.0000,77.0000,85.0000,7,11,0.3393,0.0875,0.2024,12,2.40,True,False,True,"smart_greedy,smart_greedy,smart_greedy,smart_greedy,smart_greedy",,,0.3982
91,REQ_398,VNF_3->VNF_5->VNF_4,5,5,0,95.0000,136.0000,190.0000,95.0000,104.0000,190.0000,9,13,0.1319,0.1000,0.3519,17,3.40,True,False,True,"smart_greedy,resource_aware,smart_greedy,smart_greedy",,,0.3979
92,REQ_404,VNF_4->VNF_3->VNF_6,5,5,0,135.0000,96.0000,150.0000,135.0000,96.0000,150.0000,4,12,0.4219,0.1000,0.6250,12,2.40,True,False,True,"smart_greedy,smart_greedy,resource_aware",,,0.4018
93,REQ_407,VNF_3->VNF_4->VNF_1,5,5,0,120.0000,98.0000,115.0000,120.0000,84.0000,115.0000,5,12,0.3000,0.0875,0.3833,14,2.80,True,False,True,"smart_greedy,smart_greedy,smart_greedy",,,0.4089
94,REQ_413,VNF_7->VNF_5->VNF_6,5,5,0,160.0000,66.0000,95.0000,160.0000,60.0000,95.0000,5,10,0.4000,0.0750,0.3167,11,2.20,True,False,True,"smart_greedy,smart_greedy,smart_greedy",,,0.4126
95,REQ_420,VNF_8->VNF_7->VNF_6,5,5,0,190.0000,60.0000,60.0000,190.0000,60.0000,60.0000,8,10,0.2969,0.0750,0.1250,10,2.00,True,False,True,"smart_greedy,smart_greedy,smart_greedy,smart_greedy,smart_greedy",,,0.4414
96,REQ_424,VNF_3->VNF_2->VNF_5,5,5,0,60.0000,44.0000,110.0000,60.0000,40.0000,110.0000,3,10,0.2500,0.0500,0.6111,11,2.20,True,False,True,resource_aware,,,0.4037
97,REQ_431,VNF_7->VNF_3->VNF_1,5,5,0,160.0000,72.0000,90.0000,160.0000,66.0000,90.0000,6,11,0.3333,0.0750,0.2500,12,2.40,True,False,True,"smart_greedy,smart_greedy,smart_greedy",,,0.4038
98,REQ_435,VNF_3->VNF_7->VNF_8,5,5,0,180.0000,98.0000,115.0000,180.0000,91.0000,115.0000,7,13,0.3214,0.0875,0.2738,14,2.80,True,False,True,"smart_greedy,smart_greedy,smart_greedy,smart_greedy",,,0.4003
99,REQ_439,VNF_7->VNF_2->VNF_3,5,5,0,120.0000,45.0000,110.0000,120.0000,45.0000,110.0000,6,9,0.2500,0.0625,0.3056,9,1.80,True,False,True,"smart_greedy,smart_greedy,smart_greedy,smart_greedy",,,0.3977
100,REQ_445,VNF_6->VNF_1->VNF_4,5,5,0,140.0000,66.0000,60.0000,140.0000,36.0000,60.0000,3,6,0.5833,0.0750,0.3333,11,2.20,True,False,True,"smart_greedy,resource_aware,resource_aware,resource_aware",,,0.3997
101,REQ_448,VNF_6->VNF_3->VNF_4,5,5,0,115.0000,49.0000,130.0000,115.0000,42.0000,130.0000,4,6,0.3594,0.0875,0.5417,7,1.40,True,False,True,"smart_greedy,smart_greedy,smart_greedy,smart_greedy,smart_greedy",,,0.4051
102,REQ_456,VNF_2->VNF_7->VNF_8,5,5,0,210.0000,56.0000,105.0000,210.0000,42.0000,105.0000,4,6,0.6562,0.0875,0.4375,8,1.60,True,False,True,"smart_greedy,smart_greedy,smart_greedy,smart_greedy,smart_greedy",,,0.4106
103,REQ_460,VNF_7->VNF_2->VNF_8,5,5,0,125.0000,40.0000,60.0000,125.0000,36.0000,60.0000,3,9,0.5208,0.0500,0.3333,10,2.00,True,False,True,"resource_aware,resource_aware",,,0.3961
104,REQ_464,VNF_4->VNF_3->VNF_6,5,5,0,135.0000,96.0000,150.0000,135.0000,88.0000,150.0000,8,11,0.2109,0.1000,0.3125,12,2.40,True,False,True,"smart_greedy,smart_greedy,smart_greedy,smart_greedy",,,0.4080
105,REQ_467,VNF_4->VNF_1->VNF_6,5,5,0,90.0000,48.0000,40.0000,90.0000,40.0000,40.0000,3,10,0.3750,0.0500,0.2222,12,2.40,True,False,True,"resource_aware,resource_aware",,,0.3969
106,REQ_473,VNF_1->VNF_8->VNF_7,5,5,0,230.0000,56.0000,55.0000,230.0000,56.0000,55.0000,6,8,0.4792,0.0875,0.1528,8,1.60,True,False,True,"smart_greedy,smart_greedy,smart_greedy,smart_greedy,smart_greedy",,,0.4031
107,REQ_476,VNF_4->VNF_6->VNF_2,5,5,0,100.0000,55.0000,90.0000,100.0000,50.0000,90.0000,2,10,0.6250,0.0625,0.7500,11,2.20,True,False,True,"resource_aware,resource_aware",,,0.3960
108,REQ_482,VNF_3->VNF_8->VNF_4,5,5,0,135.0000,72.0000,145.0000,135.0000,64.0000,145.0000,5,8,0.3375,0.1000,0.4833,9,1.80,True,False,True,"smart_greedy,smart_greedy,smart_greedy",,,0.4110
109,REQ_486,VNF_4->VNF_2->VNF_3,5,5,0,55.0000,56.0000,95.0000,55.0000,48.0000,95.0000,5,12,0.1375,0.0500,0.3167,14,2.80,True,False,True,resource_aware,,,0.3979
110,REQ_491,VNF_8->VNF_3->VNF_6,5,5,0,150.0000,105.0000,115.0000,150.0000,91.0000,115.0000,5,13,0.3750,0.0875,0.3833,15,3.00,True,False,True,"smart_greedy,resource_aware,smart_greedy,resource_aware",,,0.4015
112,REQ_494,VNF_8->VNF_5->VNF_4,5,5,0,125.0000,112.0000,115.0000,125.0000,112.0000,115.0000,5,16,0.3125,0.0875,0.3833,16,3.20,True,False,True,resource_aware,,,0.4010
113,REQ_500,VNF_8->VNF_7->VNF_3,5,5,0,135.0000,50.0000,80.0000,135.0000,40.0000,80.0000,6,8,0.2812,0.0625,0.2222,10,2.00,True,False,True,"smart_greedy,smart_greedy,resource_aware,resource_aware",,,0.3997
114,REQ_504,VNF_3->VNF_8->VNF_5,5,5,0,90.0000,55.0000,110.0000,90.0000,35.0000,110.0000,3,7,0.3750,0.0625,0.6111,11,2.20,True,False,True,"smart_greedy,resource_aware,resource_aware",,,0.4014
115,REQ_507,VNF_3->VNF_6->VNF_8,5,5,0,85.0000,52.0000,65.0000,85.0000,48.0000,65.0000,3,12,0.3542,0.0500,0.3611,13,2.60,True,False,True,"resource_aware,resource_aware,resource_aware",,,0.4030
116,REQ_512,VNF_3->VNF_4->VNF_7,5,5,0,80.0000,48.0000,75.0000,80.0000,44.0000,75.0000,4,11,0.2500,0.0500,0.3125,12,2.40,True,False,True,resource_aware,,,0.4489
117,REQ_513,VNF_8->VNF_1->VNF_6,5,5,0,145.0000,50.0000,40.0000,145.0000,40.0000,40.0000,3,8,0.6042,0.0625,0.2222,10,2.00,True,False,True,"resource_aware,resource_aware,resource_aware",,,0.4108
118,REQ_515,VNF_7->VNF_3->VNF_5,5,5,0,110.0000,60.0000,110.0000,110.0000,55.0000,110.0000,6,11,0.2292,0.0625,0.3056,12,2.40,True,False,True,"smart_greedy,smart_greedy,smart_greedy,smart_greedy",,,0.4106
119,REQ_523,VNF_3->VNF_4->VNF_8,5,5,0,135.0000,88.0000,145.0000,135.0000,88.0000,145.0000,6,11,0.2812,0.1000,0.4028,11,2.20,True,False,True,"smart_greedy,smart_greedy,smart_greedy",,,0.4017
120,REQ_527,VNF_2->VNF_6->VNF_4,5,5,0,125.0000,78.0000,100.0000,125.0000,66.0000,100.0000,4,11,0.3906,0.0750,0.4167,13,2.60,True,False,True,"resource_aware,resource_aware",,,0.4002
121,REQ_530,VNF_6->VNF_7->VNF_8,5,5,0,165.0000,40.0000,50.0000,165.0000,40.0000,50.0000,6,8,0.3438,0.0625,0.1389,8,1.60,True,False,True,"smart_greedy,smart_greedy,smart_greedy,smart_greedy,smart_greedy",,,0.4467
122,REQ_539,VNF_8->VNF_2->VNF_3,5,5,0,120.0000,90.0000,130.0000,120.0000,72.0000,130.0000,1,12,1.5000,0.0750,2.1667,15,3.00,True,False,True,"resource_aware,resource_aware,resource_aware",,,0.4582
123,REQ_544,VNF_8->VNF_3->VNF_7,5,5,0,105.0000,44.0000,65.0000,105.0000,36.0000,65.0000,2,9,0.6562,0.0500,0.5417,11,2.20,True,False,True,"resource_aware,resource_aware,resource_aware",,,0.4515
124,REQ_546,VNF_2->VNF_4->VNF_1,5,5,0,130.0000,60.0000,90.0000,130.0000,54.0000,90.0000,3,9,0.5417,0.0750,0.5000,10,2.00,True,False,True,"smart_greedy,resource_aware",,,0.4653
125,REQ_553,VNF_6->VNF_8->VNF_2,5,5,0,210.0000,80.0000,125.0000,210.0000,72.0000,125.0000,7,9,0.3750,0.1000,0.2976,10,2.00,True,False,True,"smart_greedy,smart_greedy,smart_greedy,smart_greedy,smart_greedy",,,0.4473
126,REQ_558,VNF_8->VNF_7->VNF_6,5,5,0,260.0000,88.0000,80.0000,260.0000,88.0000,80.0000,8,11,0.4062,0.1000,0.1667,11,2.20,True,False,True,"smart_greedy,smart_greedy,smart_greedy,smart_greedy,smart_greedy",,,0.4347
127,REQ_561,VNF_5->VNF_6->VNF_8,5,5,0,185.0000,48.0000,125.0000,185.0000,48.0000,125.0000,5,6,0.4625,0.1000,0.4167,6,1.20,True,False,True,"smart_greedy,smart_greedy,smart_greedy,smart_greedy,smart_greedy",,,0.4653
128,REQ_568,VNF_3->VNF_8->VNF_4,5,5,0,135.0000,120.0000,145.0000,135.0000,104.0000,145.0000,5,13,0.3375,0.1000,0.4833,15,3.00,True,False,True,"smart_greedy,smart_greedy,smart_greedy,resource_aware",,,0.4561
129,REQ_572,VNF_3->VNF_6->VNF_5,5,5,0,85.0000,85.0000,115.0000,85.0000,65.0000,115.0000,2,13,0.5312,0.0625,0.9583,17,3.40,True,False,True,"resource_aware,resource_aware,resource_aware",,,0.4760
130,REQ_578,VNF_8->VNF_6->VNF_7,5,5,0,225.0000,42.0000,70.0000,225.0000,42.0000,70.0000,5,6,0.5625,0.0875,0.2333,6,1.20,True,False,True,"smart_greedy,smart_greedy,smart_greedy,smart_greedy,smart_greedy",,,0.4378
131,REQ_584,VNF_3->VNF_6->VNF_8,5,5,0,175.0000,80.0000,135.0000,175.0000,80.0000,135.0000,8,10,0.2734,0.1000,0.2812,10,2.00,True,False,True,"smart_greedy,smart_greedy,smart_greedy,smart_greedy,smart_greedy",,,0.5551
132,REQ_588,VNF_3->VNF_2->VNF_5,5,5,0,100.0000,84.0000,190.0000,100.0000,77.0000,190.0000,5,11,0.2500,0.0875,0.6333,12,2.40,True,False,True,"smart_greedy,smart_greedy,smart_greedy",,,0.4453
133,REQ_592,VNF_4->VNF_5->VNF_8,5,5,0,125.0000,98.0000,115.0000,125.0000,91.0000,115.0000,5,13,0.3125,0.0875,0.3833,14,2.80,True,False,True,"smart_greedy,smart_greedy,resource_aware",,,0.4560
134,REQ_600,VNF_7->VNF_1->VNF_6,5,5,0,260.0000,104.0000,65.0000,260.0000,80.0000,65.0000,7,10,0.4643,0.1000,0.1548,13,2.60,True,False,True,"smart_greedy,smart_greedy,smart_greedy,smart_greedy,smart_greedy",,,0.4310
135,REQ_603,VNF_2->VNF_8->VNF_5,5,5,0,90.0000,40.0000,80.0000,90.0000,36.0000,80.0000,3,9,0.3750,0.0500,0.4444,10,2.00,True,False,True,"resource_aware,resource_aware",,,0.4213
136,REQ_604,VNF_6->VNF_7->VNF_3,5,5,0,155.0000,60.0000,100.0000,155.0000,54.0000,100.0000,6,9,0.3229,0.0750,0.2778,10,2.00,True,False,True,"smart_greedy,smart_greedy,smart_greedy",,,0.4610
137,REQ_606,VNF_7->VNF_5->VNF_1,5,5,0,165.0000,96.0000,85.0000,165.0000,84.0000,85.0000,5,14,0.4125,0.0750,0.2833,16,3.20,True,False,True,"smart_greedy,resource_aware,resource_aware",,,0.4543
138,REQ_609,VNF_8->VNF_4->VNF_3,5,5,0,100.0000,90.0000,110.0000,100.0000,66.0000,110.0000,4,11,0.3125,0.0750,0.4583,15,3.00,True,False,True,"smart_greedy,resource_aware,resource_aware",,,0.4202
139,REQ_616,VNF_3->VNF_6->VNF_2,5,5,0,120.0000,84.0000,130.0000,120.0000,78.0000,130.0000,2,13,0.7500,0.0750,1.0833,14,2.80,True,False,True,"smart_greedy,resource_aware",,,0.4399
140,REQ_622,VNF_8->VNF_6->VNF_1,5,5,0,200.0000,63.0000,55.0000,200.0000,63.0000,55.0000,6,9,0.4167,0.0875,0.1528,9,1.80,True,False,True,"smart_greedy,smart_greedy,smart_greedy,smart_greedy,smart_greedy",,,0.4378
141,REQ_629,VNF_1->VNF_5->VNF_6,5,5,0,120.0000,65.0000,70.0000,120.0000,55.0000,70.0000,3,11,0.5000,0.0625,0.3889,13,2.60,True,False,True,"resource_aware,resource_aware",,,0.4274
142,REQ_632,VNF_5->VNF_6->VNF_1,5,5,0,140.0000,66.0000,85.0000,140.0000,42.0000,85.0000,3,7,0.5833,0.0750,0.4722,11,2.20,True,False,True,"smart_greedy,resource_aware,resource_aware",,,0.4349
143,REQ_639,VNF_4->VNF_7->VNF_1,5,5,0,140.0000,65.0000,45.0000,140.0000,55.0000,45.0000,4,11,0.4375,0.0625,0.1875,13,2.60,True,False,True,"smart_greedy,resource_aware,resource_aware",,,0.4440
144,REQ_642,VNF_4->VNF_7->VNF_6,5,5,0,135.0000,60.0000,60.0000,135.0000,50.0000,60.0000,7,10,0.2411,0.0625,0.1429,12,2.40,True,False,True,"smart_greedy,smart_greedy,smart_greedy,smart_greedy,smart_greedy",,,0.4308
145,REQ_646,VNF_1->VNF_6->VNF_5,5,5,0,95.0000,56.0000,55.0000,95.0000,56.0000,55.0000,4,14,0.2969,0.0500,0.2292,14,2.80,True,False,True,resource_aware,,,0.4450
146,REQ_651,VNF_7->VNF_4->VNF_6,5,5,0,135.0000,70.0000,60.0000,135.0000,55.0000,60.0000,4,11,0.4219,0.0625,0.2500,14,2.80,True,False,True,"smart_greedy,resource_aware,resource_aware",,,0.4239
147,REQ_656,VNF_8->VNF_4->VNF_1,5,5,0,120.0000,50.0000,45.0000,120.0000,45.0000,45.0000,2,9,0.7500,0.0625,0.3750,10,2.00,True,False,True,"resource_aware,resource_aware,resource_aware,resource_aware",,,0.4204
148,REQ_665,VNF_8->VNF_6->VNF_2,5,5,0,130.0000,50.0000,80.0000,130.0000,50.0000,80.0000,3,10,0.5417,0.0625,0.4444,10,2.00,True,False,True,"resource_aware,resource_aware,resource_aware",,,0.4317
149,REQ_669,VNF_2->VNF_5->VNF_7,5,5,0,205.0000,64.0000,165.0000,205.0000,56.0000,165.0000,5,7,0.5125,0.1000,0.5500,8,1.60,True,False,True,"smart_greedy,smart_greedy,smart_greedy,smart_greedy,smart_greedy",,,0.4295
150,REQ_671,VNF_4->VNF_3->VNF_7,5,5,0,125.0000,72.0000,110.0000,125.0000,72.0000,110.0000,8,12,0.1953,0.0750,0.2292,12,2.40,True,False,True,"smart_greedy,smart_greedy,smart_greedy,smart_greedy",,,0.4448
151,REQ_674,VNF_4->VNF_1->VNF_7,5,5,0,195.0000,126.0000,70.0000,195.0000,105.0000,70.0000,2,15,1.2188,0.0875,0.5833,18,3.60,True,False,True,"smart_greedy,resource_aware,resource_aware",,,0.4368
152,REQ_675,VNF_8->VNF_5->VNF_1,5,5,0,140.0000,48.0000,85.0000,140.0000,42.0000,85.0000,2,7,0.8750,0.0750,0.7083,8,1.60,True,False,True,"smart_greedy,resource_aware,resource_aware",,,0.4593
153,REQ_682,VNF_6->VNF_8->VNF_1,5,5,0,115.0000,52.0000,30.0000,115.0000,44.0000,30.0000,2,11,0.7188,0.0500,0.2500,13,2.60,True,False,True,"resource_aware,resource_aware",,,0.4370
154,REQ_684,VNF_1->VNF_7->VNF_2,5,5,0,245.0000,72.0000,105.0000,245.0000,64.0000,105.0000,5,8,0.6125,0.1000,0.3500,9,1.80,True,False,True,"smart_greedy,smart_greedy,smart_greedy,smart_greedy,smart_greedy",,,0.4271
155,REQ_688,VNF_3->VNF_6->VNF_7,5,5,0,155.0000,90.0000,100.0000,155.0000,84.0000,100.0000,3,14,0.6458,0.0750,0.5556,15,3.00,True,False,True,"smart_greedy,smart_greedy,resource_aware,resource_aware",,,0.4382
156,REQ_693,VNF_1->VNF_2->VNF_5,5,5,0,150.0000,98.0000,130.0000,150.0000,98.0000,130.0000,6,14,0.3125,0.0875,0.3611,14,2.80,True,False,True,"smart_greedy,smart_greedy",,,0.4806
157,REQ_698,VNF_5->VNF_2->VNF_3,5,5,0,75.0000,70.0000,140.0000,75.0000,55.0000,140.0000,3,11,0.3125,0.0625,0.7778,14,2.80,True,False,True,"smart_greedy,resource_aware,resource_aware",,,0.4339
158,REQ_702,VNF_1->VNF_2->VNF_7,5,5,0,245.0000,96.0000,105.0000,245.0000,80.0000,105.0000,3,10,1.0208,0.1000,0.5833,12,2.40,True,False,True,"smart_greedy,resource_aware,resource_aware",,,0.4239
159,REQ_709,VNF_8->VNF_1->VNF_2,5,5,0,185.0000,70.0000,90.0000,185.0000,70.0000,90.0000,7,10,0.3304,0.0875,0.2143,10,2.00,True,False,True,"smart_greedy,smart_greedy,smart_greedy,smart_greedy,smart_greedy",,,0.4351
160,REQ_711,VNF_2->VNF_7->VNF_8,5,5,0,180.0000,90.0000,90.0000,180.0000,72.0000,90.0000,3,12,0.7500,0.0750,0.5000,15,3.00,True,False,True,"smart_greedy,resource_aware,resource_aware",,,0.4340
161,REQ_714,VNF_2->VNF_7->VNF_3,5,5,0,165.0000,63.0000,155.0000,165.0000,63.0000,155.0000,6,9,0.3438,0.0875,0.4306,9,1.80,True,False,True,"smart_greedy,smart_greedy,smart_greedy,smart_greedy",,,0.4440
162,REQ_720,VNF_4->VNF_1->VNF_7,5,5,0,110.0000,60.0000,40.0000,110.0000,48.0000,40.0000,3,12,0.4583,0.0500,0.2222,15,3.00,True,False,True,"resource_aware,resource_aware",,,0.4437
163,REQ_725,VNF_7->VNF_3->VNF_2,5,5,0,165.0000,119.0000,155.0000,165.0000,98.0000,155.0000,4,14,0.5156,0.0875,0.6458,17,3.40,True,False,True,"smart_greedy,resource_aware",,,0.4367
164,REQ_732,VNF_7->VNF_2->VNF_5,5,5,0,105.0000,40.0000,85.0000,105.0000,36.0000,85.0000,2,9,0.6562,0.0500,0.7083,10,2.00,True,False,True,"resource_aware,resource_aware,resource_aware",,,0.4486
165,REQ_741,VNF_5->VNF_3->VNF_6,5,5,0,85.0000,60.0000,115.0000,85.0000,50.0000,115.0000,4,10,0.2656,0.0625,0.4792,12,2.40,True,False,True,"smart_greedy,resource_aware,resource_aware",,,0.4313
166,REQ_745,VNF_7->VNF_1->VNF_6,5,5,0,230.0000,56.0000,60.0000,230.0000,49.0000,60.0000,5,7,0.5750,0.0875,0.2000,8,1.60,True,False,True,"smart_greedy,smart_greedy,smart_greedy,smart_greedy,smart_greedy",,,0.4388
167,REQ_751,VNF_8->VNF_4->VNF_3,5,5,0,100.0000,84.0000,110.0000,100.0000,72.0000,110.0000,2,12,0.6250,0.0750,0.9167,14,2.80,True,False,True,"resource_aware,resource_aware,resource_aware,resource_aware",,,0.4264
168,REQ_753,VNF_2->VNF_5->VNF_3,5,5,0,60.0000,44.0000,110.0000,60.0000,44.0000,110.0000,3,11,0.2500,0.0500,0.6111,11,2.20,True,False,True,"resource_aware,resource_aware,resource_aware,resource_aware",,,0.4472
169,REQ_758,VNF_5->VNF_8->VNF_7,5,5,0,220.0000,64.0000,120.0000,220.0000,56.0000,120.0000,6,7,0.4583,0.1000,0.3333,8,1.60,True,False,True,"smart_greedy,smart_greedy,smart_greedy,smart_greedy,smart_greedy",,,0.5370
170,REQ_761,VNF_7->VNF_4->VNF_3,5,5,0,80.0000,60.0000,75.0000,80.0000,48.0000,75.0000,5,12,0.2000,0.0500,0.2500,15,3.00,True,False,True,"resource_aware,resource_aware",,,0.4218
171,REQ_768,VNF_4->VNF_1->VNF_3,5,5,0,65.0000,48.0000,65.0000,65.0000,44.0000,65.0000,4,11,0.2031,0.0500,0.2708,12,2.40,True,False,True,"resource_aware,resource_aware",,,0.4273
172,REQ_777,VNF_4->VNF_3->VNF_7,5,5,0,145.0000,84.0000,130.0000,145.0000,84.0000,130.0000,6,12,0.3021,0.0875,0.3611,12,2.40,True,False,True,"smart_greedy,smart_greedy,smart_greedy",,,0.4279
173,REQ_783,VNF_2->VNF_8->VNF_5,5,5,0,110.0000,65.0000,105.0000,110.0000,55.0000,105.0000,4,11,0.3438,0.0625,0.4375,13,2.60,True,False,True,"smart_greedy,resource_aware,resource_aware",,,0.4339
174,REQ_792,VNF_4->VNF_1->VNF_3,5,5,0,135.0000,80.0000,130.0000,135.0000,72.0000,130.0000,4,9,0.4219,0.1000,0.5417,10,2.00,True,False,True,"smart_greedy,smart_greedy",,,0.4260
175,REQ_799,VNF_6->VNF_1->VNF_5,5,5,0,185.0000,120.0000,110.0000,185.0000,112.0000,110.0000,4,14,0.5781,0.1000,0.4583,15,3.00,True,False,True,"smart_greedy,resource_aware,resource_aware",,,0.4320
176,REQ_801,VNF_4->VNF_6->VNF_1,5,5,0,185.0000,128.0000,80.0000,185.0000,112.0000,80.0000,3,14,0.7708,0.1000,0.4444,16,3.20,True,False,True,"smart_greedy,resource_aware,resource_aware,resource_aware",,,0.4610
177,REQ_806,VNF_1->VNF_3->VNF_5,5,5,0,70.0000,64.0000,80.0000,70.0000,64.0000,80.0000,4,16,0.2188,0.0500,0.3333,16,3.20,True,False,True,"resource_aware,resource_aware",,,0.4548
178,REQ_810,VNF_7->VNF_2->VNF_3,5,5,0,95.0000,40.0000,90.0000,95.0000,32.0000,90.0000,2,8,0.5938,0.0500,0.7500,10,2.00,True,False,True,"smart_greedy,resource_aware,resource_aware",,,0.4198
179,REQ_816,VNF_4->VNF_5->VNF_2,5,5,0,80.0000,75.0000,115.0000,80.0000,60.0000,115.0000,4,12,0.2500,0.0625,0.4792,15,3.00,True,False,True,"resource_aware,resource_aware,resource_aware",,,0.4629
180,REQ_821,VNF_1->VNF_2->VNF_8,5,5,0,110.0000,44.0000,50.0000,110.0000,36.0000,50.0000,4,9,0.3438,0.0500,0.2083,11,2.20,True,False,True,"smart_greedy,resource_aware,resource_aware",,,0.4332
181,REQ_825,VNF_5->VNF_7->VNF_2,5,5,0,130.0000,45.0000,105.0000,130.0000,45.0000,105.0000,6,9,0.2708,0.0625,0.2917,9,1.80,True,False,True,"smart_greedy,smart_greedy,smart_greedy,smart_greedy,smart_greedy",,,0.4790
182,REQ_829,VNF_7->VNF_1->VNF_2,5,5,0,215.0000,105.0000,95.0000,215.0000,77.0000,95.0000,2,11,1.3438,0.0875,0.7917,15,3.00,True,False,True,"smart_greedy,resource_aware,resource_aware,resource_aware",,,0.4619
183,REQ_830,VNF_6->VNF_2->VNF_1,5,5,0,185.0000,84.0000,95.0000,185.0000,70.0000,95.0000,3,10,0.7708,0.0875,0.5278,12,2.40,True,False,True,"smart_greedy,resource_aware,resource_aware",,,0.4570
184,REQ_835,VNF_5->VNF_2->VNF_1,5,5,0,130.0000,102.0000,115.0000,130.0000,84.0000,115.0000,3,14,0.5417,0.0750,0.6389,17,3.40,True,False,True,"smart_greedy,resource_aware,resource_aware",,,0.4362
185,REQ_839,VNF_4->VNF_7->VNF_1,5,5,0,220.0000,96.0000,75.0000,220.0000,88.0000,75.0000,8,11,0.3438,0.1000,0.1562,12,2.40,True,False,True,"smart_greedy,smart_greedy,smart_greedy,smart_greedy,smart_greedy",,,0.4490
186,REQ_844,VNF_3->VNF_4->VNF_6,5,5,0,80.0000,70.0000,95.0000,80.0000,55.0000,95.0000,2,11,0.5000,0.0625,0.7917,14,2.80,True,False,True,"resource_aware,resource_aware,resource_aware",,,0.4683
187,REQ_850,VNF_2->VNF_1->VNF_3,5,5,0,80.0000,40.0000,80.0000,80.0000,36.0000,80.0000,2,9,0.5000,0.0500,0.6667,10,2.00,True,False,True,"smart_greedy,resource_aware,resource_aware",,,0.4309
188,REQ_853,VNF_1->VNF_4->VNF_2,5,5,0,130.0000,78.0000,90.0000,130.0000,66.0000,90.0000,2,11,0.8125,0.0750,0.7500,13,2.60,True,False,True,"smart_greedy,resource_aware",,,0.4328
189,REQ_859,VNF_7->VNF_4->VNF_5,5,5,0,90.0000,44.0000,70.0000,90.0000,40.0000,70.0000,6,10,0.1875,0.0500,0.1944,11,2.20,True,False,True,"smart_greedy,smart_greedy,smart_greedy,smart_greedy,smart_greedy",,,0.4627
190,REQ_863,VNF_7->VNF_8->VNF_1,5,5,0,195.0000,54.0000,50.0000,195.0000,54.0000,50.0000,7,9,0.3482,0.0750,0.1190,9,1.80,True,False,True,"smart_greedy,smart_greedy,smart_greedy,smart_greedy,smart_greedy",,,0.4255
191,REQ_866,VNF_7->VNF_4->VNF_3,5,5,0,170.0000,96.0000,145.0000,170.0000,88.0000,145.0000,7,11,0.3036,0.1000,0.3452,12,2.40,True,False,True,"smart_greedy,smart_greedy,smart_greedy,smart_greedy,smart_greedy",,,0.4359
192,REQ_870,VNF_5->VNF_4->VNF_8,5,5,0,95.0000,55.0000,85.0000,95.0000,45.0000,85.0000,4,9,0.2969,0.0625,0.3542,11,2.20,True,False,True,"resource_aware,resource_aware,resource_aware",,,0.4262
193,REQ_878,VNF_5->VNF_1->VNF_2,5,5,0,90.0000,44.0000,75.0000,90.0000,40.0000,75.0000,1,10,1.1250,0.0500,1.2500,11,2.20,True,False,True,"resource_aware,resource_aware,resource_aware",,,0.4563
194,REQ_880,VNF_8->VNF_2->VNF_4,5,5,0,145.0000,98.0000,115.0000,145.0000,91.0000,115.0000,3,13,0.6042,0.0875,0.6389,14,2.80,True,False,True,"smart_greedy,resource_aware",,,0.4486
195,REQ_886,VNF_6->VNF_3->VNF_4,5,5,0,60.0000,52.0000,75.0000,60.0000,48.0000,75.0000,4,12,0.1875,0.0500,0.3125,13,2.60,True,False,True,"resource_aware,resource_aware",,,0.4494
196,REQ_892,VNF_4->VNF_2->VNF_3,5,5,0,70.0000,75.0000,120.0000,70.0000,65.0000,120.0000,4,13,0.2188,0.0625,0.5000,15,3.00,True,False,True,"resource_aware,resource_aware,resource_aware",,,0.4608
197,REQ_900,VNF_7->VNF_5->VNF_1,5,5,0,195.0000,77.0000,95.0000,195.0000,70.0000,95.0000,7,10,0.3482,0.0875,0.2262,11,2.20,True,False,True,"smart_greedy,smart_greedy,smart_greedy,smart_greedy,smart_greedy",,,0.4919
198,REQ_905,VNF_8->VNF_6->VNF_7,5,5,0,190.0000,42.0000,60.0000,190.0000,36.0000,60.0000,4,6,0.5938,0.0750,0.2500,7,1.40,True,False,True,"smart_greedy,smart_greedy,smart_greedy,smart_greedy,smart_greedy",,,0.4507
199,REQ_908,VNF_7->VNF_3->VNF_2,5,5,0,95.0000,44.0000,90.0000,95.0000,40.0000,90.0000,4,10,0.2969,0.0500,0.3750,11,2.20,True,False,True,"smart_greedy,resource_aware,smart_greedy",,,0.4334
200,REQ_910,VNF_1->VNF_6->VNF_7,5,5,0,230.0000,63.0000,60.0000,230.0000,56.0000,60.0000,6,8,0.4792,0.0875,0.1667,9,1.80,True,False,True,"smart_greedy,smart_greedy,smart_greedy,smart_greedy,smart_greedy",,,0.4412
201,REQ_915,VNF_6->VNF_7->VNF_2,5,5,0,150.0000,55.0000,80.0000,150.0000,50.0000,80.0000,7,10,0.2679,0.0625,0.1905,11,2.20,True,False,True,"smart_greedy,smart_greedy,smart_greedy,smart_greedy,smart_greedy",,,0.4619
202,REQ_918,VNF_2->VNF_4->VNF_8,5,5,0,170.0000,104.0000,135.0000,170.0000,96.0000,135.0000,2,12,1.0625,0.1000,1.1250,13,2.60,True,False,True,"smart_greedy,resource_aware",,,0.4354
203,REQ_919,VNF_4->VNF_7->VNF_3,5,5,0,105.0000,65.0000,90.0000,105.0000,60.0000,90.0000,3,12,0.4375,0.0625,0.5000,13,2.60,True,False,True,"smart_greedy,resource_aware,resource_aware",,,0.4627
204,REQ_926,VNF_5->VNF_2->VNF_6,5,5,0,125.0000,72.0000,125.0000,125.0000,66.0000,125.0000,5,11,0.3125,0.0750,0.4167,12,2.40,True,False,True,"smart_greedy,resource_aware",,,0.4311
205,REQ_933,VNF_4->VNF_7->VNF_6,5,5,0,190.0000,70.0000,85.0000,190.0000,70.0000,85.0000,6,10,0.3958,0.0875,0.2361,10,2.00,True,False,True,"smart_greedy,smart_greedy,smart_greedy,smart_greedy,smart_greedy",,,0.4610
206,REQ_938,VNF_6->VNF_2->VNF_5,5,5,0,105.0000,60.0000,110.0000,105.0000,45.0000,110.0000,2,9,0.6562,0.0625,0.9167,12,2.40,True,False,True,"smart_greedy,resource_aware",,,0.4888
207,REQ_944,VNF_1->VNF_2->VNF_6,5,5,0,185.0000,84.0000,95.0000,185.0000,77.0000,95.0000,7,11,0.3304,0.0875,0.2262,12,2.40,True,False,True,"smart_greedy,smart_greedy,smart_greedy,smart_greedy,smart_greedy",,,0.4532
208,REQ_946,VNF_3->VNF_2->VNF_8,5,5,0,80.0000,60.0000,85.0000,80.0000,40.0000,85.0000,3,10,0.3333,0.0500,0.4722,15,3.00,True,False,True,"resource_aware,resource_aware,resource_aware",,,0.4550
209,REQ_953,VNF_8->VNF_6->VNF_7,5,5,0,260.0000,64.0000,80.0000,260.0000,64.0000,80.0000,6,8,0.5417,0.1000,0.2222,8,1.60,True,False,True,"smart_greedy,smart_greedy,smart_greedy,smart_greedy,smart_greedy",,,0.5392
210,REQ_955,VNF_5->VNF_1->VNF_3,5,5,0,70.0000,56.0000,80.0000,70.0000,36.0000,80.0000,1,9,0.8750,0.0500,1.3333,14,2.80,True,False,True,"resource_aware,resource_aware,resource_aware",,,0.5170
211,REQ_956,VNF_8->VNF_5->VNF_1,5,5,0,185.0000,64.0000,105.0000,185.0000,56.0000,105.0000,6,7,0.3854,0.1000,0.2917,8,1.60,True,False,True,"smart_greedy,smart_greedy,smart_greedy,smart_greedy,smart_greedy",,,0.5150
212,REQ_962,VNF_5->VNF_2->VNF_4,5,5,0,65.0000,64.0000,90.0000,65.0000,52.0000,90.0000,3,13,0.2708,0.0500,0.5000,16,3.20,True,False,True,"resource_aware,resource_aware,resource_aware",,,0.4953
213,REQ_968,VNF_1->VNF_6->VNF_7,5,5,0,260.0000,72.0000,65.0000,260.0000,72.0000,65.0000,6,9,0.5417,0.1000,0.1806,9,1.80,True,False,True,"smart_greedy,smart_greedy,smart_greedy,smart_greedy,smart_greedy",,,0.4772
214,REQ_973,VNF_5->VNF_1->VNF_4,5,5,0,95.0000,55.0000,75.0000,95.0000,45.0000,75.0000,5,9,0.2375,0.0625,0.2500,11,2.20,True,False,True,"smart_greedy,resource_aware,resource_aware",,,0.4462
215,REQ_978,VNF_8->VNF_6->VNF_2,5,5,0,105.0000,48.0000,60.0000,105.0000,48.0000,60.0000,3,12,0.4375,0.0500,0.3333,12,2.40,True,False,True,"resource_aware,resource_aware,resource_aware",,,0.4658
216,REQ_982,VNF_4->VNF_6->VNF_1,5,5,0,115.0000,60.0000,50.0000,115.0000,55.0000,50.0000,4,11,0.3594,0.0625,0.2083,12,2.40,True,False,True,"smart_greedy,resource_aware,resource_aware",,,0.5453
217,REQ_986,VNF_7->VNF_1->VNF_6,5,5,0,260.0000,56.0000,65.0000,260.0000,48.0000,65.0000,5,6,0.6500,0.1000,0.2167,7,1.40,True,False,True,"smart_greedy,smart_greedy,smart_greedy,smart_greedy,smart_greedy",,,0.5343
218,REQ_990,VNF_5->VNF_3->VNF_1,5,5,0,120.0000,77.0000,140.0000,120.0000,77.0000,140.0000,4,11,0.3750,0.0875,0.5833,11,2.20,True,False,True,"smart_greedy,smart_greedy",,,0.5895
219,REQ_995,VNF_4->VNF_2->VNF_6,5,5,0,100.0000,55.0000,90.0000,100.0000,55.0000,90.0000,4,11,0.3125,0.0625,0.3750,11,2.20,True,False,True,smart_greedy,,,0.5470
220,REQ_1000,VNF_4->VNF_5->VNF_8,5,5,0,145.0000,72.0000,135.0000,145.0000,72.0000,135.0000,5,9,0.3625,0.1000,0.4500,9,1.80,True,False,True,"smart_greedy,smart_greedy,smart_greedy,smart_greedy,smart_greedy",,,0.5290
221,REQ_1005,VNF_3->VNF_2->VNF_6,5,5,0,120.0000,72.0000,130.0000,120.0000,66.0000,130.0000,2,11,0.7500,0.0750,1.0833,12,2.40,True,False,True,"smart_greedy,resource_aware",,,0.5171
222,REQ_1007,VNF_5->VNF_7->VNF_2,5,5,0,175.0000,63.0000,145.0000,175.0000,49.0000,145.0000,5,7,0.4375,0.0875,0.4833,9,1.80,True,False,True,"smart_greedy,smart_greedy,smart_greedy,smart_greedy,smart_greedy",,,0.6303
223,REQ_1010,VNF_2->VNF_5->VNF_7,5,5,0,175.0000,84.0000,145.0000,175.0000,70.0000,145.0000,2,10,1.0938,0.0875,1.2083,12,2.40,True,False,True,"smart_greedy,resource_aware,resource_aware",,,0.6014
224,REQ_1015,VNF_1->VNF_8->VNF_3,5,5,0,135.0000,96.0000,90.0000,135.0000,78.0000,90.0000,3,13,0.5625,0.0750,0.5000,16,3.20,True,False,True,"smart_greedy,resource_aware,resource_aware",,,0.6588
225,REQ_1016,VNF_4->VNF_5->VNF_7,5,5,0,90.0000,68.0000,70.0000,90.0000,64.0000,70.0000,4,16,0.2812,0.0500,0.2917,17,3.40,True,False,True,resource_aware,,,0.5821
226,REQ_1023,VNF_7->VNF_5->VNF_3,5,5,0,170.0000,88.0000,175.0000,170.0000,72.0000,175.0000,7,9,0.3036,0.1000,0.4167,11,2.20,True,False,True,"smart_greedy,smart_greedy,smart_greedy,smart_greedy,smart_greedy",,,0.5779
227,REQ_1029,VNF_2->VNF_6->VNF_8,5,5,0,210.0000,64.0000,125.0000,210.0000,48.0000,125.0000,4,6,0.6562,0.1000,0.5208,8,1.60,True,False,True,"smart_greedy,smart_greedy,smart_greedy,smart_greedy,smart_greedy",,,0.5751
228,REQ_1033,VNF_8->VNF_1->VNF_3,5,5,0,135.0000,54.0000,90.0000,135.0000,48.0000,90.0000,2,8,0.8438,0.0750,0.7500,9,1.80,True,False,True,"smart_greedy,resource_aware,resource_aware",,,0.5941
229,REQ_1038,VNF_5->VNF_3->VNF_2,5,5,0,120.0000,96.0000,220.0000,120.0000,88.0000,220.0000,8,11,0.1875,0.1000,0.4583,12,2.40,True,False,True,"smart_greedy,smart_greedy,smart_greedy,smart_greedy",,,0.5937
230,REQ_1042,VNF_1->VNF_6->VNF_8,5,5,0,225.0000,88.0000,65.0000,225.0000,80.0000,65.0000,7,10,0.4018,0.1000,0.1548,11,2.20,True,False,True,"smart_greedy,smart_greedy,smart_greedy,smart_greedy,smart_greedy",,,0.6251
231,REQ_1046,VNF_2->VNF_5->VNF_8,5,5,0,90.0000,52.0000,80.0000,90.0000,48.0000,80.0000,4,12,0.2812,0.0500,0.3333,13,2.60,True,False,True,"resource_aware,resource_aware,resource_aware",,,0.6598
232,REQ_1053,VNF_2->VNF_6->VNF_7,5,5,0,180.0000,102.0000,90.0000,180.0000,96.0000,90.0000,4,16,0.5625,0.0750,0.3750,17,3.40,True,False,True,"smart_greedy,smart_greedy,resource_aware,smart_greedy",,,0.5860
233,REQ_1058,VNF_3->VNF_1->VNF_2,5,5,0,100.0000,45.0000,100.0000,100.0000,35.0000,100.0000,1,7,1.2500,0.0625,1.6667,9,1.80,True,False,True,"resource_aware,resource_aware,resource_aware",,,0.5718
234,REQ_1065,VNF_4->VNF_8->VNF_6,5,5,0,115.0000,55.0000,60.0000,115.0000,35.0000,60.0000,1,7,1.4375,0.0625,1.0000,11,2.20,True,False,True,"resource_aware,resource_aware,resource_aware,resource_aware,resource_aware",,,0.5763
235,REQ_1072,VNF_2->VNF_5->VNF_6,5,5,0,145.0000,56.0000,145.0000,145.0000,42.0000,145.0000,5,6,0.3625,0.0875,0.4833,8,1.60,True,False,True,"smart_greedy,smart_greedy,smart_greedy,smart_greedy,smart_greedy",,,0.5706
236,REQ_1078,VNF_3->VNF_2->VNF_6,5,5,0,75.0000,44.0000,90.0000,75.0000,44.0000,90.0000,4,11,0.2344,0.0500,0.3750,11,2.20,True,False,True,"resource_aware,resource_aware",,,0.6303
237,REQ_1082,VNF_4->VNF_1->VNF_8,5,5,0,185.0000,88.0000,75.0000,185.0000,80.0000,75.0000,3,10,0.7708,0.1000,0.4167,11,2.20,True,False,True,"smart_greedy,resource_aware",,,0.5610
238,REQ_1087,VNF_4->VNF_3->VNF_8,5,5,0,115.0000,112.0000,125.0000,115.0000,112.0000,125.0000,7,16,0.2054,0.0875,0.2976,16,3.20,True,False,True,"smart_greedy,smart_greedy,smart_greedy",,,0.5607
239,REQ_1092,VNF_3->VNF_2->VNF_4,5,5,0,120.0000,88.0000,190.0000,120.0000,80.0000,190.0000,4,10,0.3750,0.1000,0.7917,11,2.20,True,False,True,"smart_greedy,smart_greedy,smart_greedy",,,0.5701
240,REQ_1098,VNF_8->VNF_2->VNF_4,5,5,0,105.0000,65.0000,85.0000,105.0000,65.0000,85.0000,2,13,0.6562,0.0625,0.7083,13,2.60,True,False,True,"smart_greedy,resource_aware,resource_aware",,,0.5654
241,REQ_1102,VNF_1->VNF_5->VNF_4,5,5,0,110.0000,72.0000,95.0000,110.0000,60.0000,95.0000,3,10,0.4583,0.0750,0.5278,12,2.40,True,False,True,"smart_greedy,resource_aware,resource_aware,resource_aware",,,0.5788
242,REQ_1110,VNF_5->VNF_6->VNF_7,5,5,0,140.0000,35.0000,80.0000,140.0000,35.0000,80.0000,5,7,0.3500,0.0625,0.2667,7,1.40,True,False,True,"smart_greedy,smart_greedy,smart_greedy,smart_greedy,smart_greedy",,,0.5648
243,REQ_1118,VNF_6->VNF_2->VNF_1,5,5,0,160.0000,90.0000,80.0000,160.0000,90.0000,80.0000,3,15,0.6667,0.0750,0.4444,15,3.00,True,False,True,"smart_greedy,resource_aware",,,0.5929
244,REQ_1121,VNF_1->VNF_3->VNF_4,5,5,0,135.0000,104.0000,130.0000,135.0000,88.0000,130.0000,4,11,0.4219,0.1000,0.5417,13,2.60,True,False,True,"smart_greedy,smart_greedy",,,0.5670
245,REQ_1127,VNF_2->VNF_8->VNF_5,5,5,0,170.0000,80.0000,165.0000,170.0000,80.0000,165.0000,8,10,0.2656,0.1000,0.3438,10,2.00,True,False,True,"smart_greedy,smart_greedy,smart_greedy,smart_greedy,smart_greedy",,,0.5603
246,REQ_1131,VNF_3->VNF_5->VNF_2,5,5,0,120.0000,80.0000,220.0000,120.0000,80.0000,220.0000,5,10,0.3000,0.1000,0.7333,10,2.00,True,False,True,"smart_greedy,smart_greedy,smart_greedy,smart_greedy",,,0.5523
247,REQ_1138,VNF_6->VNF_4->VNF_1,5,5,0,90.0000,48.0000,40.0000,90.0000,48.0000,40.0000,6,12,0.1875,0.0500,0.1111,12,2.40,True,False,True,"smart_greedy,resource_aware",,,0.5695
248,REQ_1142,VNF_2->VNF_5->VNF_4,5,5,0,95.0000,78.0000,135.0000,95.0000,72.0000,135.0000,4,12,0.2969,0.0750,0.5625,13,2.60,True,False,True,"resource_aware,resource_aware,smart_greedy",,,0.5596
249,REQ_1149,VNF_5->VNF_3->VNF_2,5,5,0,60.0000,40.0000,110.0000,60.0000,40.0000,110.0000,3,10,0.2500,0.0500,0.6111,10,2.00,True,False,True,resource_aware,,,0.5617
250,REQ_1152,VNF_6->VNF_4->VNF_1,5,5,0,140.0000,90.0000,60.0000,140.0000,72.0000,60.0000,2,12,0.8750,0.0750,0.5000,15,3.00,True,False,True,"smart_greedy,resource_aware,resource_aware,resource_aware",,,0.5718
251,REQ_1158,VNF_5->VNF_4->VNF_2,5,5,0,65.0000,56.0000,90.0000,65.0000,40.0000,90.0000,3,10,0.2708,0.0500,0.5000,14,2.80,True,False,True,"resource_aware,resource_aware,resource_aware",,,0.5700
252,REQ_1163,VNF_4->VNF_3->VNF_8,5,5,0,115.0000,98.0000,125.0000,115.0000,84.0000,125.0000,8,12,0.1797,0.0875,0.2604,14,2.80,True,False,True,"smart_greedy,smart_greedy,smart_greedy,smart_greedy",,,0.5629
253,REQ_1166,VNF_4->VNF_8->VNF_3,5,5,0,65.0000,52.0000,70.0000,65.0000,44.0000,70.0000,5,11,0.1625,0.0500,0.2333,13,2.60,True,False,True,"smart_greedy,resource_aware",,,0.5670
254,REQ_1172,VNF_1->VNF_5->VNF_6,5,5,0,165.0000,112.0000,95.0000,165.0000,98.0000,95.0000,2,14,1.0312,0.0875,0.7917,16,3.20,True,False,True,"smart_greedy,resource_aware,resource_aware,resource_aware",,,0.6301
255,REQ_1175,VNF_4->VNF_6->VNF_8,5,5,0,135.0000,78.0000,70.0000,135.0000,66.0000,70.0000,3,11,0.5625,0.0750,0.3889,13,2.60,True,False,True,"smart_greedy,resource_aware,resource_aware",,,0.5638
256,REQ_1187,VNF_3->VNF_1->VNF_6,5,5,0,155.0000,119.0000,105.0000,155.0000,112.0000,105.0000,8,16,0.2422,0.0875,0.2188,17,3.40,True,False,True,"smart_greedy,smart_greedy,smart_greedy",,,0.6420
257,REQ_1192,VNF_7->VNF_8->VNF_4,5,5,0,190.0000,70.0000,80.0000,190.0000,70.0000,80.0000,9,10,0.2639,0.0875,0.1481,10,2.00,True,False,True,"smart_greedy,smart_greedy,smart_greedy,smart_greedy,smart_greedy",,,0.5679
258,REQ_1196,VNF_3->VNF_8->VNF_1,5,5,0,90.0000,44.0000,55.0000,90.0000,32.0000,55.0000,2,8,0.5625,0.0500,0.4583,11,2.20,True,False,True,"resource_aware,resource_aware,resource_aware",,,0.5591
259,REQ_1198,VNF_6->VNF_8->VNF_3,5,5,0,150.0000,70.0000,115.0000,150.0000,56.0000,115.0000,6,8,0.3125,0.0875,0.3194,10,2.00,True,False,True,"smart_greedy,smart_greedy,smart_greedy,smart_greedy,smart_greedy",,,0.5627
260,REQ_1209,VNF_1->VNF_4->VNF_5,5,5,0,110.0000,60.0000,95.0000,110.0000,54.0000,95.0000,2,9,0.6875,0.0750,0.7917,10,2.00,True,False,True,"smart_greedy,resource_aware,resource_aware",,,0.5571
261,REQ_1216,VNF_5->VNF_6->VNF_4,5,5,0,125.0000,105.0000,120.0000,125.0000,77.0000,120.0000,3,11,0.5208,0.0875,0.6667,15,3.00,True,False,True,"smart_greedy,resource_aware,resource_aware,resource_aware",,,0.5584
262,REQ_1217,VNF_1->VNF_6->VNF_2,5,5,0,130.0000,55.0000,70.0000,130.0000,35.0000,70.0000,2,7,0.8125,0.0625,0.5833,11,2.20,True,False,True,"smart_greedy,resource_aware,resource_aware",,,0.5641
263,REQ_1222,VNF_5->VNF_6->VNF_3,5,5,0,85.0000,55.0000,115.0000,85.0000,55.0000,115.0000,2,11,0.5312,0.0625,0.9583,11,2.20,True,False,True,"smart_greedy,resource_aware,resource_aware",,,0.5657
264,REQ_1228,VNF_4->VNF_7->VNF_8,5,5,0,220.0000,80.0000,90.0000,220.0000,64.0000,90.0000,6,8,0.4583,0.1000,0.2500,10,2.00,True,False,True,"smart_greedy,smart_greedy,smart_greedy,smart_greedy,smart_greedy",,,0.5651
265,REQ_1232,VNF_4->VNF_1->VNF_8,5,5,0,185.0000,88.0000,75.0000,185.0000,80.0000,75.0000,7,10,0.3304,0.1000,0.1786,11,2.20,True,False,True,"smart_greedy,smart_greedy,smart_greedy,smart_greedy,smart_greedy",,,0.5613
266,REQ_1234,VNF_8->VNF_1->VNF_2,5,5,0,160.0000,60.0000,80.0000,160.0000,54.0000,80.0000,4,9,0.5000,0.0750,0.3333,10,2.00,True,False,True,"smart_greedy,resource_aware,resource_aware",,,0.5584
267,REQ_1238,VNF_2->VNF_3->VNF_7,5,5,0,120.0000,70.0000,110.0000,120.0000,65.0000,110.0000,9,13,0.1667,0.0625,0.2037,14,2.80,True,False,True,"smart_greedy,smart_greedy,smart_greedy,smart_greedy",,,0.5637
268,REQ_1245,VNF_6->VNF_2->VNF_3,5,5,0,75.0000,56.0000,90.0000,75.0000,40.0000,90.0000,3,10,0.3125,0.0500,0.5000,14,2.80,True,False,True,"resource_aware,resource_aware,resource_aware",,,0.5509
269,REQ_1249,VNF_4->VNF_8->VNF_3,5,5,0,135.0000,104.0000,145.0000,135.0000,104.0000,145.0000,8,13,0.2109,0.1000,0.3021,13,2.60,True,False,True,"smart_greedy,smart_greedy,smart_greedy",,,0.5562
270,REQ_1254,VNF_5->VNF_6->VNF_3,5,5,0,135.0000,56.0000,180.0000,135.0000,56.0000,180.0000,5,7,0.3375,0.1000,0.6000,7,1.40,True,False,True,"smart_greedy,smart_greedy,smart_greedy,smart_greedy,smart_greedy",,,0.5615
271,REQ_1259,VNF_1->VNF_4->VNF_2,5,5,0,170.0000,96.0000,120.0000,170.0000,96.0000,120.0000,7,12,0.3036,0.1000,0.2857,12,2.40,True,False,True,"smart_greedy,smart_greedy,smart_greedy",,,0.5495
272,REQ_1264,VNF_2->VNF_5->VNF_8,5,5,0,125.0000,72.0000,125.0000,125.0000,66.0000,125.0000,7,11,0.2232,0.0750,0.2976,12,2.40,True,False,True,"smart_greedy,smart_greedy,smart_greedy,smart_greedy,smart_greedy",,,0.5660
273,REQ_1269,VNF_2->VNF_8->VNF_6,5,5,0,210.0000,72.0000,125.0000,210.0000,72.0000,125.0000,7,9,0.3750,0.1000,0.2976,9,1.80,True,False,True,"smart_greedy,smart_greedy,smart_greedy,smart_greedy,smart_greedy",,,0.5756
274,REQ_1274,VNF_6->VNF_1->VNF_2,5,5,0,105.0000,36.0000,55.0000,105.0000,32.0000,55.0000,3,8,0.4375,0.0500,0.3056,9,1.80,True,False,True,"smart_greedy,resource_aware,resource_aware",,,0.5880
275,REQ_1280,VNF_7->VNF_8->VNF_4,5,5,0,190.0000,70.0000,80.0000,190.0000,56.0000,80.0000,6,8,0.3958,0.0875,0.2222,10,2.00,True,False,True,"smart_greedy,smart_greedy,smart_greedy,smart_greedy,smart_greedy",,,0.5936
276,REQ_1281,VNF_1->VNF_5->VNF_4,5,5,0,110.0000,66.0000,95.0000,110.0000,60.0000,95.0000,4,10,0.3438,0.0750,0.3958,11,2.20,True,False,True,"smart_greedy,resource_aware",,,0.6160
277,REQ_1284,VNF_2->VNF_1->VNF_7,5,5,0,155.0000,70.0000,65.0000,155.0000,65.0000,65.0000,6,13,0.3229,0.0625,0.1806,14,2.80,True,False,True,"smart_greedy,smart_greedy,smart_greedy,smart_greedy",,,0.5551
278,REQ_1290,VNF_5->VNF_1->VNF_7,5,5,0,165.0000,78.0000,85.0000,165.0000,66.0000,85.0000,2,11,1.0312,0.0750,0.7083,13,2.60,True,False,True,"smart_greedy,resource_aware,resource_aware",,,0.5632
279,REQ_1296,VNF_4->VNF_1->VNF_3,5,5,0,85.0000,45.0000,80.0000,85.0000,45.0000,80.0000,2,9,0.5312,0.0625,0.6667,9,1.80,True,False,True,"smart_greedy,smart_greedy",,,0.5688
280,REQ_1297,VNF_2->VNF_3->VNF_5,5,5,0,90.0000,48.0000,165.0000,90.0000,42.0000,165.0000,3,7,0.3750,0.0750,0.9167,8,1.60,True,False,True,"smart_greedy,resource_aware,resource_aware",,,0.5538
281,REQ_1302,VNF_4->VNF_6->VNF_2,5,5,0,170.0000,72.0000,140.0000,170.0000,64.0000,140.0000,6,8,0.3542,0.1000,0.3889,9,1.80,True,False,True,"smart_greedy,smart_greedy,smart_greedy,smart_greedy,smart_greedy",,,0.5534
282,REQ_1307,VNF_5->VNF_7->VNF_4,5,5,0,90.0000,52.0000,70.0000,90.0000,44.0000,70.0000,1,11,1.1250,0.0500,1.1667,13,2.60,True,False,True,"resource_aware,resource_aware,resource_aware,resource_aware,resource_aware",,,0.5656
283,REQ_1316,VNF_8->VNF_7->VNF_2,5,5,0,245.0000,72.0000,120.0000,245.0000,64.0000,120.0000,6,8,0.5104,0.1000,0.3333,9,1.80,True,False,True,"smart_greedy,smart_greedy,smart_greedy,smart_greedy,smart_greedy",,,0.5580
284,REQ_1317,VNF_4->VNF_2->VNF_1,5,5,0,105.0000,70.0000,75.0000,105.0000,65.0000,75.0000,6,13,0.2188,0.0625,0.2083,14,2.80,True,False,True,"smart_greedy,smart_greedy,resource_aware",,,0.5605
285,REQ_1322,VNF_2->VNF_7->VNF_3,5,5,0,195.0000,96.0000,175.0000,195.0000,96.0000,175.0000,6,12,0.4062,0.1000,0.4861,12,2.40,True,False,True,"smart_greedy,smart_greedy,smart_greedy",,,0.5615
286,REQ_1325,VNF_6->VNF_7->VNF_3,5,5,0,210.0000,80.0000,135.0000,210.0000,72.0000,135.0000,7,9,0.3750,0.1000,0.3214,10,2.00,True,False,True,"smart_greedy,smart_greedy,smart_greedy,smart_greedy,smart_greedy",,,0.5966
287,REQ_1330,VNF_3->VNF_4->VNF_6,5,5,0,135.0000,104.0000,150.0000,135.0000,96.0000,150.0000,8,12,0.2109,0.1000,0.3125,13,2.60,True,False,True,"smart_greedy,smart_greedy,smart_greedy,smart_greedy",,,0.5697
288,REQ_1337,VNF_2->VNF_3->VNF_4,5,5,0,120.0000,64.0000,190.0000,120.0000,64.0000,190.0000,4,8,0.3750,0.1000,0.7917,8,1.60,True,False,True,"smart_greedy,smart_greedy",,,0.5523
289,REQ_1343,VNF_8->VNF_5->VNF_4,5,5,0,145.0000,64.0000,135.0000,145.0000,56.0000,135.0000,5,7,0.3625,0.1000,0.4500,8,1.60,True,False,True,"smart_greedy,smart_greedy,smart_greedy,smart_greedy,smart_greedy",,,0.5692
290,REQ_1353,VNF_1->VNF_6->VNF_4,5,5,0,90.0000,48.0000,40.0000,90.0000,44.0000,40.0000,2,11,0.5625,0.0500,0.3333,12,2.40,True,False,True,"resource_aware,resource_aware,resource_aware",,,0.5558
291,REQ_1357,VNF_5->VNF_3->VNF_8,5,5,0,70.0000,44.0000,85.0000,70.0000,40.0000,85.0000,3,10,0.2917,0.0500,0.4722,11,2.20,True,False,True,"resource_aware,resource_aware,resource_aware",,,0.5498
292,REQ_1361,VNF_2->VNF_4->VNF_7,5,5,0,175.0000,105.0000,120.0000,175.0000,91.0000,120.0000,3,13,0.7292,0.0875,0.6667,15,3.00,True,False,True,"smart_greedy,resource_aware,resource_aware",,,0.5864
293,REQ_1368,VNF_8->VNF_5->VNF_2,5,5,0,125.0000,66.0000,125.0000,125.0000,60.0000,125.0000,3,10,0.5208,0.0750,0.6944,11,2.20,True,False,True,"smart_greedy,resource_aware",,,0.5479
294,REQ_1369,VNF_8->VNF_1->VNF_5,5,5,0,140.0000,66.0000,85.0000,140.0000,60.0000,85.0000,4,10,0.4375,0.0750,0.3542,11,2.20,True,False,True,"smart_greedy,smart_greedy,resource_aware,resource_aware,resource_aware",,,0.4803
295,REQ_1372,VNF_4->VNF_2->VNF_3,5,5,0,90.0000,72.0000,140.0000,90.0000,66.0000,140.0000,3,11,0.3750,0.0750,0.7778,12,2.40,True,False,True,"smart_greedy,resource_aware,resource_aware",,,0.4683
296,REQ_1375,VNF_2->VNF_1->VNF_5,5,5,0,130.0000,48.0000,115.0000,130.0000,48.0000,115.0000,2,8,0.8125,0.0750,0.9583,8,1.60,True,False,True,"smart_greedy,resource_aware",,,0.4898
297,REQ_1382,VNF_8->VNF_2->VNF_4,5,5,0,105.0000,80.0000,85.0000,105.0000,60.0000,85.0000,4,12,0.3281,0.0625,0.3542,16,3.20,True,False,True,"smart_greedy,resource_aware,resource_aware,resource_aware",,,0.4532
298,REQ_1386,VNF_7->VNF_4->VNF_8,5,5,0,160.0000,66.0000,70.0000,160.0000,60.0000,70.0000,7,10,0.2857,0.0750,0.1667,11,2.20,True,False,True,"smart_greedy,smart_greedy,smart_greedy,smart_greedy,smart_greedy",,,0.4530
299,REQ_1390,VNF_7->VNF_2->VNF_3,5,5,0,145.0000,72.0000,130.0000,145.0000,72.0000,130.0000,6,12,0.3021,0.0750,0.3611,12,2.40,True,False,True,"smart_greedy,smart_greedy,smart_greedy,smart_greedy",,,0.4560
300,REQ_1394,VNF_1->VNF_4->VNF_3,5,5,0,120.0000,56.0000,115.0000,120.0000,56.0000,115.0000,5,8,0.3000,0.0875,0.3833,8,1.60,True,False,True,"smart_greedy,smart_greedy,smart_greedy",,,0.4470
301,REQ_1402,VNF_8->VNF_6->VNF_3,5,5,0,110.0000,40.0000,85.0000,110.0000,30.0000,85.0000,3,6,0.4583,0.0625,0.4722,8,1.60,True,False,True,"smart_greedy,resource_aware,resource_aware",,,0.4612
302,REQ_1408,VNF_1->VNF_8->VNF_6,5,5,0,145.0000,65.0000,40.0000,145.0000,45.0000,40.0000,3,9,0.6042,0.0625,0.2222,13,2.60,True,False,True,"smart_greedy,resource_aware,resource_aware,resource_aware",,,0.4554
303,REQ_1414,VNF_4->VNF_5->VNF_2,5,5,0,65.0000,52.0000,90.0000,65.0000,44.0000,90.0000,5,11,0.1625,0.0500,0.3000,13,2.60,True,False,True,"smart_greedy,resource_aware,resource_aware,resource_aware",,,0.4598
304,REQ_1418,VNF_6->VNF_5->VNF_7,5,5,0,190.0000,70.0000,110.0000,190.0000,70.0000,110.0000,8,10,0.2969,0.0875,0.2292,10,2.00,True,False,True,"smart_greedy,smart_greedy,smart_greedy,smart_greedy,smart_greedy",,,0.4539
305,REQ_1425,VNF_5->VNF_2->VNF_1,5,5,0,150.0000,84.0000,130.0000,150.0000,77.0000,130.0000,6,11,0.3125,0.0875,0.3611,12,2.40,True,False,True,"smart_greedy,smart_greedy,smart_greedy",,,0.4787
306,REQ_1430,VNF_2->VNF_4->VNF_7,5,5,0,175.0000,49.0000,120.0000,175.0000,42.0000,120.0000,5,6,0.4375,0.0875,0.4000,7,1.40,True,False,True,"smart_greedy,smart_greedy,smart_greedy,smart_greedy,smart_greedy",,,0.4790
307,REQ_1432,VNF_8->VNF_7->VNF_6,5,5,0,190.0000,66.0000,60.0000,190.0000,54.0000,60.0000,6,9,0.3958,0.0750,0.1667,11,2.20,True,False,True,"smart_greedy,smart_greedy,smart_greedy,smart_greedy,smart_greedy",,,0.5118
308,REQ_1437,VNF_5->VNF_6->VNF_2,5,5,0,85.0000,48.0000,85.0000,85.0000,44.0000,85.0000,5,11,0.2125,0.0500,0.2833,12,2.40,True,False,True,"resource_aware,resource_aware",,,0.4629
309,REQ_1441,VNF_8->VNF_4->VNF_6,5,5,0,115.0000,70.0000,60.0000,115.0000,45.0000,60.0000,3,9,0.4792,0.0625,0.3333,14,2.80,True,False,True,"resource_aware,resource_aware",,,0.4617
310,REQ_1444,VNF_5->VNF_8->VNF_6,5,5,0,95.0000,48.0000,60.0000,95.0000,40.0000,60.0000,1,10,1.1875,0.0500,1.0000,12,2.40,True,False,True,"resource_aware,resource_aware,resource_aware,resource_aware,resource_aware",,,0.4989
311,REQ_1446,VNF_2->VNF_1->VNF_7,5,5,0,125.0000,48.0000,55.0000,125.0000,28.0000,55.0000,3,7,0.5208,0.0500,0.3056,12,2.40,True,False,True,"resource_aware,resource_aware,resource_aware",,,0.5711
312,REQ_1453,VNF_5->VNF_1->VNF_6,5,5,0,95.0000,60.0000,55.0000,95.0000,48.0000,55.0000,5,12,0.2375,0.0500,0.1833,15,3.00,True,False,True,"smart_greedy,resource_aware,resource_aware",,,0.5109
313,REQ_1455,VNF_7->VNF_8->VNF_4,5,5,0,220.0000,80.0000,90.0000,220.0000,72.0000,90.0000,6,9,0.4583,0.1000,0.2500,10,2.00,True,False,True,"smart_greedy,smart_greedy,smart_greedy,smart_greedy,smart_greedy",,,0.5587
314,REQ_1459,VNF_2->VNF_1->VNF_4,5,5,0,170.0000,80.0000,120.0000,170.0000,80.0000,120.0000,5,10,0.4250,0.1000,0.4000,10,2.00,True,False,True,"smart_greedy,smart_greedy,smart_greedy",,,0.5152
315,REQ_1460,VNF_6->VNF_3->VNF_1,5,5,0,85.0000,60.0000,60.0000,85.0000,56.0000,60.0000,4,14,0.2656,0.0500,0.2500,15,3.00,True,False,True,"resource_aware,resource_aware,resource_aware",,,0.5118
316,REQ_1463,VNF_5->VNF_7->VNF_2,5,5,0,150.0000,78.0000,125.0000,150.0000,72.0000,125.0000,3,12,0.6250,0.0750,0.6944,13,2.60,True,False,True,"smart_greedy,smart_greedy,resource_aware",,,0.5018
317,REQ_1467,VNF_7->VNF_6->VNF_2,5,5,0,245.0000,88.0000,125.0000,245.0000,80.0000,125.0000,7,10,0.4375,0.1000,0.2976,11,2.20,True,False,True,"smart_greedy,smart_greedy,smart_greedy,smart_greedy,smart_greedy",,,0.4585
318,REQ_1469,VNF_1->VNF_5->VNF_6,5,5,0,120.0000,75.0000,70.0000,120.0000,65.0000,70.0000,4,13,0.3750,0.0625,0.2917,15,3.00,True,False,True,"smart_greedy,resource_aware",,,0.4296
319,REQ_1471,VNF_4->VNF_7->VNF_1,5,5,0,165.0000,72.0000,60.0000,165.0000,66.0000,60.0000,2,11,1.0312,0.0750,0.5000,12,2.40,True,False,True,"smart_greedy,resource_aware",,,0.4352
320,REQ_1473,VNF_8->VNF_3->VNF_1,5,5,0,175.0000,88.0000,115.0000,175.0000,80.0000,115.0000,6,10,0.3646,0.1000,0.3194,11,2.20,True,False,True,"smart_greedy,smart_greedy,smart_greedy",,,0.4400
321,REQ_1474,VNF_7->VNF_4->VNF_8,5,5,0,190.0000,77.0000,80.0000,190.0000,70.0000,80.0000,7,10,0.3393,0.0875,0.1905,11,2.20,True,False,True,"smart_greedy,smart_greedy,smart_greedy,smart_greedy,smart_greedy",,,0.4507
322,REQ_1479,VNF_7->VNF_3->VNF_5,5,5,0,85.0000,32.0000,90.0000,85.0000,28.0000,90.0000,2,7,0.5312,0.0500,0.7500,8,1.60,True,False,True,"smart_greedy,resource_aware",,,0.4384
323,REQ_1489,VNF_2->VNF_8->VNF_3,5,5,0,160.0000,80.0000,175.0000,160.0000,80.0000,175.0000,6,10,0.3333,0.1000,0.4861,10,2.00,True,False,True,"smart_greedy,smart_greedy,smart_greedy,smart_greedy,smart_greedy",,,0.4458
324,REQ_1494,VNF_8->VNF_1->VNF_3,5,5,0,115.0000,50.0000,70.0000,115.0000,50.0000,70.0000,3,10,0.4792,0.0625,0.3889,10,2.00,True,False,True,"smart_greedy,resource_aware",,,0.4303
325,REQ_1497,VNF_1->VNF_4->VNF_8,5,5,0,185.0000,120.0000,75.0000,185.0000,88.0000,75.0000,3,11,0.7708,0.1000,0.4167,15,3.00,True,False,True,"smart_greedy,resource_aware,resource_aware",,,0.4410
326,REQ_1502,VNF_7->VNF_6->VNF_1,5,5,0,165.0000,40.0000,40.0000,165.0000,35.0000,40.0000,5,7,0.4125,0.0625,0.1333,8,1.60,True,False,True,"smart_greedy,smart_greedy,smart_greedy,smart_greedy,smart_greedy",,,0.4330
327,REQ_1510,VNF_1->VNF_7->VNF_4,5,5,0,195.0000,98.0000,70.0000,195.0000,91.0000,70.0000,5,13,0.4875,0.0875,0.2333,14,2.80,True,False,True,"smart_greedy,smart_greedy,resource_aware,smart_greedy",,,0.4250
328,REQ_1516,VNF_5->VNF_7->VNF_3,5,5,0,145.0000,84.0000,155.0000,145.0000,84.0000,155.0000,7,12,0.2589,0.0875,0.3690,12,2.40,True,False,True,"smart_greedy,smart_greedy,smart_greedy",,,0.4210
329,REQ_1519,VNF_7->VNF_1->VNF_3,5,5,0,185.0000,91.0000,105.0000,185.0000,84.0000,105.0000,9,12,0.2569,0.0875,0.1944,13,2.60,True,False,True,"smart_greedy,smart_greedy,smart_greedy,smart_greedy",,,0.4342
330,REQ_1528,VNF_3->VNF_7->VNF_1,5,5,0,160.0000,66.0000,90.0000,160.0000,60.0000,90.0000,7,10,0.2857,0.0750,0.2143,11,2.20,True,False,True,"smart_greedy,smart_greedy,smart_greedy,smart_greedy",,,0.4364
331,REQ_1532,VNF_7->VNF_2->VNF_6,5,5,0,180.0000,66.0000,90.0000,180.0000,60.0000,90.0000,6,10,0.3750,0.0750,0.2500,11,2.20,True,False,True,"smart_greedy,smart_greedy,smart_greedy,smart_greedy,smart_greedy",,,0.4634
332,REQ_1539,VNF_4->VNF_2->VNF_6,5,5,0,170.0000,120.0000,140.0000,170.0000,112.0000,140.0000,3,14,0.7083,0.1000,0.7778,15,3.00,True,False,True,"smart_greedy,resource_aware,resource_aware",,,0.4593
333,REQ_1541,VNF_2->VNF_5->VNF_8,5,5,0,170.0000,64.0000,165.0000,170.0000,64.0000,165.0000,6,8,0.3542,0.1000,0.4583,8,1.60,True,False,True,"smart_greedy,smart_greedy,smart_greedy,smart_greedy,smart_greedy",,,0.4370
334,REQ_1545,VNF_7->VNF_4->VNF_5,5,5,0,130.0000,60.0000,105.0000,130.0000,54.0000,105.0000,6,9,0.2708,0.0750,0.2917,10,2.00,True,False,True,"smart_greedy,smart_greedy,smart_greedy,smart_greedy,smart_greedy",,,0.4448
335,REQ_1551,VNF_1->VNF_5->VNF_3,5,5,0,70.0000,44.0000,80.0000,70.0000,40.0000,80.0000,1,10,0.8750,0.0500,1.3333,11,2.20,True,False,True,"resource_aware,resource_aware,resource_aware",,,0.4561
336,REQ_1560,VNF_5->VNF_3->VNF_4,5,5,0,45.0000,48.0000,95.0000,45.0000,44.0000,95.0000,4,11,0.1406,0.0500,0.3958,12,2.40,True,False,True,"smart_greedy,resource_aware",,,0.4769
337,REQ_1568,VNF_7->VNF_2->VNF_6,5,5,0,245.0000,64.0000,125.0000,245.0000,64.0000,125.0000,7,8,0.4375,0.1000,0.2976,8,1.60,True,False,True,"smart_greedy,smart_greedy,smart_greedy,smart_greedy,smart_greedy",,,0.4413
338,REQ_1579,VNF_5->VNF_8->VNF_7,5,5,0,145.0000,50.0000,75.0000,145.0000,45.0000,75.0000,7,9,0.2589,0.0625,0.1786,10,2.00,True,False,True,"smart_greedy,smart_greedy,smart_greedy,smart_greedy,smart_greedy",,,0.4278
339,REQ_1588,VNF_1->VNF_5->VNF_4,5,5,0,75.0000,44.0000,60.0000,75.0000,40.0000,60.0000,6,10,0.1562,0.0500,0.1667,11,2.20,True,False,True,"smart_greedy,resource_aware,resource_aware",,,0.4250
340,REQ_1592,VNF_5->VNF_8->VNF_4,5,5,0,145.0000,64.0000,135.0000,145.0000,48.0000,135.0000,4,6,0.4531,0.1000,0.5625,8,1.60,True,False,True,"smart_greedy,smart_greedy,smart_greedy,smart_greedy,smart_greedy",,,0.4238
341,REQ_1594,VNF_5->VNF_1->VNF_8,5,5,0,165.0000,84.0000,90.0000,165.0000,77.0000,90.0000,3,11,0.6875,0.0875,0.5000,12,2.40,True,False,True,"smart_greedy,smart_greedy,resource_aware",,,0.4422
342,REQ_1597,VNF_6->VNF_1->VNF_7,5,5,0,230.0000,84.0000,60.0000,230.0000,70.0000,60.0000,6,10,0.4792,0.0875,0.1667,12,2.40,True,False,True,"smart_greedy,smart_greedy,smart_greedy,smart_greedy,smart_greedy",,,0.4249
343,REQ_1600,VNF_2->VNF_7->VNF_3,5,5,0,120.0000,50.0000,110.0000,120.0000,50.0000,110.0000,7,10,0.2143,0.0625,0.2619,10,2.00,True,False,True,"smart_greedy,smart_greedy,smart_greedy",,,0.4408
344,REQ_1607,VNF_6->VNF_4->VNF_7,5,5,0,190.0000,56.0000,85.0000,190.0000,49.0000,85.0000,5,7,0.4750,0.0875,0.2833,8,1.60,True,False,True,"smart_greedy,smart_greedy,smart_greedy,smart_greedy,smart_greedy",,,0.4272
345,REQ_1611,VNF_1->VNF_4->VNF_6,5,5,0,90.0000,52.0000,40.0000,90.0000,52.0000,40.0000,4,13,0.2812,0.0500,0.1667,13,2.60,True,False,False,,,,0.4278
346,REQ_1616,VNF_3->VNF_4->VNF_6,5,5,0,80.0000,80.0000,95.0000,80.0000,70.0000,95.0000,5,14,0.2000,0.0625,0.3167,16,3.20,True,False,True,"resource_aware,resource_aware,smart_greedy",,,0.4303
347,REQ_1623,VNF_4->VNF_7->VNF_2,5,5,0,150.0000,42.0000,100.0000,150.0000,36.0000,100.0000,5,6,0.3750,0.0750,0.3333,7,1.40,True,False,True,"smart_greedy,smart_greedy,smart_greedy,smart_greedy,smart_greedy",,,0.4336
348,REQ_1628,VNF_4->VNF_1->VNF_8,5,5,0,140.0000,84.0000,60.0000,140.0000,78.0000,60.0000,4,13,0.4375,0.0750,0.2500,14,2.80,True,False,True,"resource_aware,resource_aware,smart_greedy",,,0.4263
349,REQ_1633,VNF_8->VNF_5->VNF_6,5,5,0,160.0000,56.0000,105.0000,160.0000,56.0000,105.0000,6,8,0.3333,0.0875,0.2917,8,1.60,True,False,True,"smart_greedy,smart_greedy,smart_greedy,smart_greedy,smart_greedy",,,0.4292
350,REQ_1637,VNF_2->VNF_3->VNF_4,5,5,0,90.0000,60.0000,140.0000,90.0000,42.0000,140.0000,3,7,0.3750,0.0750,0.7778,10,2.00,True,False,True,"smart_greedy,resource_aware,resource_aware,resource_aware",,,0.4225
351,REQ_1640,VNF_2->VNF_6->VNF_3,5,5,0,75.0000,36.0000,90.0000,75.0000,36.0000,90.0000,2,9,0.4688,0.0500,0.7500,9,1.80,True,False,True,smart_greedy,,,0.4418
352,REQ_1646,VNF_7->VNF_2->VNF_6,5,5,0,245.0000,88.0000,125.0000,245.0000,80.0000,125.0000,7,10,0.4375,0.1000,0.2976,11,2.20,True,False,True,"smart_greedy,smart_greedy,smart_greedy,smart_greedy,smart_greedy",,,0.4349
353,REQ_1648,VNF_7->VNF_5->VNF_3,5,5,0,170.0000,64.0000,175.0000,170.0000,48.0000,175.0000,5,6,0.4250,0.1000,0.5833,8,1.60,True,False,True,"smart_greedy,smart_greedy,smart_greedy,smart_greedy,smart_greedy",,,0.4275
354,REQ_1653,VNF_4->VNF_1->VNF_8,5,5,0,120.0000,65.0000,45.0000,120.0000,55.0000,45.0000,4,11,0.3750,0.0625,0.1875,13,2.60,True,False,True,"smart_greedy,resource_aware,resource_aware,resource_aware",,,0.4352
355,REQ_1656,VNF_5->VNF_2->VNF_6,5,5,0,125.0000,96.0000,125.0000,125.0000,84.0000,125.0000,2,14,0.7812,0.0750,1.0417,16,3.20,True,False,True,"resource_aware,resource_aware",,,0.4370
356,REQ_1658,VNF_5->VNF_3->VNF_6,5,5,0,85.0000,60.0000,115.0000,85.0000,40.0000,115.0000,4,8,0.2656,0.0625,0.4792,12,2.40,True,False,True,"smart_greedy,resource_aware,resource_aware",,,0.4651
357,REQ_1663,VNF_1->VNF_7->VNF_6,5,5,0,195.0000,54.0000,50.0000,195.0000,42.0000,50.0000,5,7,0.4875,0.0750,0.1667,9,1.80,True,False,True,"smart_greedy,smart_greedy,smart_greedy,smart_greedy,smart_greedy",,,0.4391
358,REQ_1669,VNF_5->VNF_2->VNF_1,5,5,0,130.0000,60.0000,115.0000,130.0000,54.0000,115.0000,1,9,1.6250,0.0750,1.9167,10,2.00,True,False,True,"resource_aware,resource_aware,resource_aware",,,0.4239
359,REQ_1678,VNF_4->VNF_3->VNF_8,5,5,0,85.0000,60.0000,90.0000,85.0000,50.0000,90.0000,4,10,0.2656,0.0625,0.3750,12,2.40,True,False,True,"smart_greedy,resource_aware,resource_aware",,,0.4561
360,REQ_1686,VNF_2->VNF_5->VNF_1,5,5,0,90.0000,52.0000,75.0000,90.0000,44.0000,75.0000,3,11,0.3750,0.0500,0.4167,13,2.60,True,False,True,"smart_greedy,resource_aware",,,0.4291
361,REQ_1692,VNF_2->VNF_3->VNF_6,5,5,0,120.0000,54.0000,130.0000,120.0000,48.0000,130.0000,2,8,0.7500,0.0750,1.0833,9,1.80,True,False,True,"smart_greedy,resource_aware,resource_aware",,,0.4436
362,REQ_1696,VNF_2->VNF_6->VNF_7,5,5,0,245.0000,72.0000,125.0000,245.0000,72.0000,125.0000,7,9,0.4375,0.1000,0.2976,9,1.80,True,False,True,"smart_greedy,smart_greedy,smart_greedy,smart_greedy,smart_greedy",,,0.4462
363,REQ_1702,VNF_1->VNF_7->VNF_3,5,5,0,105.0000,32.0000,60.0000,105.0000,28.0000,60.0000,3,7,0.4375,0.0500,0.3333,8,1.60,True,False,True,"smart_greedy,resource_aware",,,0.4350
364,REQ_1706,VNF_2->VNF_1->VNF_5,5,5,0,90.0000,48.0000,75.0000,90.0000,36.0000,75.0000,3,9,0.3750,0.0500,0.4167,12,2.40,True,False,True,"smart_greedy,resource_aware,resource_aware",,,0.4360
365,REQ_1711,VNF_5->VNF_3->VNF_6,5,5,0,115.0000,70.0000,155.0000,115.0000,56.0000,155.0000,6,8,0.2396,0.0875,0.4306,10,2.00,True,False,True,"smart_greedy,smart_greedy,smart_greedy,smart_greedy,smart_greedy",,,0.4572
366,REQ_1713,VNF_1->VNF_7->VNF_2,5,5,0,155.0000,65.0000,65.0000,155.0000,55.0000,65.0000,3,11,0.6458,0.0625,0.3611,13,2.60,True,False,True,"smart_greedy,smart_greedy,resource_aware,resource_aware",,,0.4253
367,REQ_1718,VNF_2->VNF_1->VNF_3,5,5,0,140.0000,77.0000,140.0000,140.0000,70.0000,140.0000,5,10,0.3500,0.0875,0.4667,11,2.20,True,False,True,"smart_greedy,smart_greedy,smart_greedy",,,0.4500
368,REQ_1723,VNF_7->VNF_2->VNF_6,5,5,0,210.0000,56.0000,110.0000,210.0000,56.0000,110.0000,6,8,0.4375,0.0875,0.3056,8,1.60,True,False,True,"smart_greedy,smart_greedy,smart_greedy,smart_greedy,smart_greedy",,,0.4376
369,REQ_1730,VNF_7->VNF_1->VNF_8,5,5,0,195.0000,54.0000,50.0000,195.0000,48.0000,50.0000,5,8,0.4875,0.0750,0.1667,9,1.80,True,False,True,"smart_greedy,smart_greedy,smart_greedy,smart_greedy,smart_greedy",,,0.4323
370,REQ_1739,VNF_5->VNF_4->VNF_7,5,5,0,115.0000,50.0000,85.0000,115.0000,45.0000,85.0000,6,9,0.2396,0.0625,0.2361,10,2.00,True,False,True,"smart_greedy,smart_greedy,smart_greedy,smart_greedy,smart_greedy",,,0.4292
371,REQ_1743,VNF_3->VNF_1->VNF_2,5,5,0,160.0000,64.0000,160.0000,160.0000,64.0000,160.0000,4,8,0.5000,0.1000,0.6667,8,1.60,True,False,True,"smart_greedy,smart_greedy,smart_greedy",,,0.4340
372,REQ_1751,VNF_3->VNF_2->VNF_8,5,5,0,160.0000,72.0000,175.0000,160.0000,72.0000,175.0000,4,9,0.5000,0.1000,0.7292,9,1.80,True,False,True,"smart_greedy,smart_greedy",,,0.4257
373,REQ_1757,VNF_1->VNF_8->VNF_5,5,5,0,185.0000,72.0000,105.0000,185.0000,56.0000,105.0000,6,7,0.3854,0.1000,0.2917,9,1.80,True,False,True,"smart_greedy,smart_greedy,smart_greedy,smart_greedy,smart_greedy",,,0.4268
374,REQ_1763,VNF_6->VNF_8->VNF_7,5,5,0,260.0000,64.0000,80.0000,260.0000,56.0000,80.0000,5,7,0.6500,0.1000,0.2667,8,1.60,True,False,True,"smart_greedy,smart_greedy,smart_greedy,smart_greedy,smart_greedy",,,0.4194
375,REQ_1772,VNF_3->VNF_4->VNF_5,5,5,0,70.0000,60.0000,145.0000,70.0000,60.0000,145.0000,3,10,0.2917,0.0750,0.8056,10,2.00,True,False,True,smart_greedy,,,0.4369
376,REQ_1780,VNF_2->VNF_7->VNF_3,5,5,0,195.0000,112.0000,175.0000,195.0000,104.0000,175.0000,8,13,0.3047,0.1000,0.3646,14,2.80,True,False,True,"smart_greedy,smart_greedy,smart_greedy,smart_greedy",,,0.4633
377,REQ_1785,VNF_3->VNF_2->VNF_7,5,5,0,95.0000,48.0000,90.0000,95.0000,40.0000,90.0000,1,10,1.1875,0.0500,1.5000,12,2.40,True,False,True,"resource_aware,resource_aware",,,0.4404
378,REQ_1790,VNF_1->VNF_4->VNF_6,5,5,0,165.0000,63.0000,70.0000,165.0000,56.0000,70.0000,5,8,0.4125,0.0875,0.2333,9,1.80,True,False,True,"smart_greedy,smart_greedy,smart_greedy,smart_greedy,smart_greedy",,,0.4280
379,REQ_1795,VNF_2->VNF_1->VNF_8,5,5,0,185.0000,126.0000,90.0000,185.0000,105.0000,90.0000,3,15,0.7708,0.0875,0.5000,18,3.60,True,False,True,"smart_greedy,resource_aware,resource_aware",,,0.4305
380,REQ_1799,VNF_2->VNF_4->VNF_6,5,5,0,100.0000,75.0000,90.0000,100.0000,65.0000,90.0000,3,13,0.4167,0.0625,0.5000,15,3.00,True,False,True,"resource_aware,resource_aware,resource_aware",,,0.4278
381,REQ_1806,VNF_2->VNF_1->VNF_8,5,5,0,160.0000,54.0000,80.0000,160.0000,54.0000,80.0000,2,9,1.0000,0.0750,0.6667,9,1.80,True,False,True,smart_greedy,,,0.4241
382,REQ_1809,VNF_2->VNF_7->VNF_5,5,5,0,105.0000,56.0000,85.0000,105.0000,52.0000,85.0000,4,13,0.3281,0.0500,0.3542,14,2.80,True,False,True,"resource_aware,resource_aware",,,0.4268
383,REQ_1812,VNF_4->VNF_8->VNF_5,5,5,0,95.0000,85.0000,85.0000,95.0000,65.0000,85.0000,5,13,0.2375,0.0625,0.2833,17,3.40,True,False,True,"smart_greedy,resource_aware,resource_aware,resource_aware",,,0.4301
384,REQ_1813,VNF_7->VNF_1->VNF_6,5,5,0,130.0000,56.0000,35.0000,130.0000,56.0000,35.0000,2,14,0.8125,0.0500,0.2917,14,2.80,True,False,True,"resource_aware,resource_aware",,,1.7040
385,REQ_1814,VNF_4->VNF_3->VNF_6,5,5,0,115.0000,91.0000,130.0000,115.0000,84.0000,130.0000,3,12,0.4792,0.0875,0.7222,13,2.60,True,False,True,"smart_greedy,smart_greedy",,,0.4738
386,REQ_1819,VNF_3->VNF_1->VNF_5,5,5,0,120.0000,77.0000,140.0000,120.0000,70.0000,140.0000,4,10,0.3750,0.0875,0.5833,11,2.20,True,False,True,"smart_greedy,smart_greedy,smart_greedy",,,0.4790
387,REQ_1827,VNF_6->VNF_3->VNF_2,5,5,0,120.0000,72.0000,130.0000,120.0000,60.0000,130.0000,2,10,0.7500,0.0750,1.0833,12,2.40,True,False,True,"smart_greedy,resource_aware,resource_aware",,,0.4373
388,REQ_1830,VNF_8->VNF_6->VNF_2,5,5,0,130.0000,75.0000,80.0000,130.0000,60.0000,80.0000,3,12,0.5417,0.0625,0.4444,15,3.00,True,False,True,"smart_greedy,resource_aware",,,0.4221
389,REQ_1832,VNF_3->VNF_8->VNF_6,5,5,0,150.0000,70.0000,115.0000,150.0000,63.0000,115.0000,7,9,0.2679,0.0875,0.2738,10,2.00,True,False,True,"smart_greedy,smart_greedy,smart_greedy,smart_greedy,smart_greedy",,,0.4283
390,REQ_1836,VNF_6->VNF_7->VNF_3,5,5,0,130.0000,55.0000,85.0000,130.0000,55.0000,85.0000,4,11,0.4062,0.0625,0.3542,11,2.20,True,False,True,"smart_greedy,smart_greedy,smart_greedy",,,0.4256
391,REQ_1843,VNF_2->VNF_6->VNF_7,5,5,0,120.0000,60.0000,65.0000,120.0000,40.0000,65.0000,3,10,0.5000,0.0500,0.3611,15,3.00,True,False,True,"smart_greedy,resource_aware,resource_aware,resource_aware,resource_aware",,,0.4485
392,REQ_1844,VNF_5->VNF_8->VNF_2,5,5,0,125.0000,90.0000,125.0000,125.0000,66.0000,125.0000,4,11,0.3906,0.0750,0.5208,15,3.00,True,False,True,"smart_greedy,smart_greedy,resource_aware,resource_aware,resource_aware",,,0.4427
393,REQ_1846,VNF_2->VNF_1->VNF_8,5,5,0,135.0000,65.0000,65.0000,135.0000,55.0000,65.0000,1,11,1.6875,0.0625,1.0833,13,2.60,True,False,True,"resource_aware,resource_aware,resource_aware",,,0.4320
394,REQ_1851,VNF_8->VNF_5->VNF_6,5,5,0,135.0000,78.0000,95.0000,135.0000,72.0000,95.0000,3,12,0.5625,0.0750,0.5278,13,2.60,True,False,True,"smart_greedy,smart_greedy,resource_aware,resource_aware,resource_aware",,,0.4301
395,REQ_1853,VNF_7->VNF_3->VNF_5,5,5,0,85.0000,56.0000,90.0000,85.0000,40.0000,90.0000,4,10,0.2656,0.0500,0.3750,14,2.80,True,False,True,"resource_aware,resource_aware",,,0.4548
396,REQ_1859,VNF_8->VNF_2->VNF_3,5,5,0,100.0000,65.0000,110.0000,100.0000,50.0000,110.0000,1,10,1.2500,0.0625,1.8333,13,2.60,True,False,True,"resource_aware,resource_aware,resource_aware",,,0.4641
397,REQ_1860,VNF_7->VNF_8->VNF_2,5,5,0,155.0000,70.0000,75.0000,155.0000,55.0000,75.0000,4,11,0.4844,0.0625,0.3125,14,2.80,True,False,True,"smart_greedy,resource_aware,resource_aware",,,0.4303
398,REQ_1865,VNF_5->VNF_3->VNF_4,5,5,0,45.0000,48.0000,95.0000,45.0000,44.0000,95.0000,5,11,0.1125,0.0500,0.3167,12,2.40,True,False,True,"resource_aware,resource_aware",,,0.4250
399,REQ_1871,VNF_7->VNF_6->VNF_4,5,5,0,160.0000,48.0000,70.0000,160.0000,48.0000,70.0000,7,8,0.2857,0.0750,0.1667,8,1.60,True,False,True,"smart_greedy,smart_greedy,smart_greedy,smart_greedy,smart_greedy",,,0.4312
400,REQ_1877,VNF_5->VNF_2->VNF_1,5,5,0,110.0000,55.0000,95.0000,110.0000,50.0000,95.0000,3,10,0.4583,0.0625,0.5278,11,2.20,True,False,True,"smart_greedy,resource_aware",,,0.4269
